[{"id":"141bb5b6-e4c8-4c91-afff-664b653b49da","first_name":"Fabe","last_name":"Malkin"},
{"id":"ec9f68b4-2dea-4200-a02e-24cb679efecd","first_name":"Hollyanne","last_name":"Dansie"},
{"id":"47e5a258-339c-4e27-8511-1a617286481d","first_name":"Blythe","last_name":"Legge"},
{"id":"305e29b7-820e-4e70-8978-78bc7e56287e","first_name":"Nissy","last_name":"Glencrash"},
{"id":"d7f7c072-109f-45c9-b8fa-202a7fed9542","first_name":"Caroljean","last_name":"Gornal"},
{"id":"bee79224-950a-4cb4-9af2-0c5ed4efab6a","first_name":"Alysa","last_name":"Kemm"},
{"id":"b70d2df3-38ce-4d99-94a5-1225b18bf474","first_name":"Lambert","last_name":"Layus"},
{"id":"f36d73ce-622b-4bda-9685-28bb54ede63f","first_name":"Engelbert","last_name":"Ravel"},
{"id":"d244ab68-646b-48e2-a76c-816332b850ad","first_name":"Husain","last_name":"Boshers"},
{"id":"8b513252-a1cb-4a05-9dac-51913a7fda59","first_name":"Jourdan","last_name":"Cohane"},
{"id":"9216eb1e-c397-40e0-b676-373604cc0a4f","first_name":"Chloette","last_name":"Wyche"},
{"id":"f4468a41-6b80-48ea-bdb0-27af1eec31e8","first_name":"Carleen","last_name":"Clethro"},
{"id":"f725b9f3-5dce-48a7-84ea-f82b34ac7ca2","first_name":"Vincenty","last_name":"Handrahan"},
{"id":"4803ef4b-c2b2-41a2-8d2b-e8eef28dae02","first_name":"Bridget","last_name":"Favell"},
{"id":"16f01c14-d0bb-47ce-af93-47f82403a169","first_name":"Pavia","last_name":"Ebbins"},
{"id":"0204c725-d72f-4880-a465-5e6f7cfc0e2b","first_name":"Nanon","last_name":"Duffield"},
{"id":"f86c3969-bacc-4301-9c2f-b601dbd281e5","first_name":"Petr","last_name":"Smail"},
{"id":"4ce0193c-8972-4718-a38c-f69837886537","first_name":"Beale","last_name":"McCutcheon"},
{"id":"0eaadb05-f688-403b-8c9c-135ec72e62fd","first_name":"Monte","last_name":"Avramow"},
{"id":"5b4fc9ec-bf1f-4cd3-9f37-411e4b692d45","first_name":"Philis","last_name":"Fullard"},
{"id":"8b635247-2707-44e9-8d35-2df3adef1d6d","first_name":"Anastassia","last_name":"Case"},
{"id":"266b9fe5-3b15-466e-971a-7ceb445819c3","first_name":"Darbie","last_name":"Sherwyn"},
{"id":"8db24881-e054-48bd-a19f-e92b6c6f2b85","first_name":"Debbie","last_name":"Bohl"},
{"id":"b3af0e1f-14ec-4c03-bb88-4b62fc67d192","first_name":"James","last_name":"Deniskevich"},
{"id":"87092a64-69c0-45aa-b393-c2c3b8643034","first_name":"Larissa","last_name":"Jouannisson"},
{"id":"10041427-62c7-4417-babb-54107da5f25d","first_name":"Brooks","last_name":"Dymoke"},
{"id":"03537624-3572-4648-b4ac-9b07ed40966b","first_name":"Kerry","last_name":"Kingcote"},
{"id":"77fef211-08e9-4169-842b-4aa4ec6530c2","first_name":"Devon","last_name":"Crispe"},
{"id":"e94c466d-2371-4196-a2d4-d2aef31ffbd0","first_name":"Nessie","last_name":"Stoeckle"},
{"id":"8af39420-2525-4f76-ae6c-61787feebfb9","first_name":"Jaquenetta","last_name":"Wonfor"},
{"id":"222b6ae1-2123-4bad-b25c-f15e73efff28","first_name":"Helaine","last_name":"Branthwaite"},
{"id":"b36f9a7a-9ddb-44bd-af04-3272997e7d45","first_name":"Ilise","last_name":"Menelaws"},
{"id":"30110c45-fdff-42b2-8321-2800299d9da9","first_name":"Kevyn","last_name":"Henmarsh"},
{"id":"73acd5ad-69c6-450b-aefe-92327432a5d5","first_name":"Dyanna","last_name":"Nutter"},
{"id":"46461ac1-c4a0-4874-844c-37168209149b","first_name":"Orran","last_name":"Farebrother"},
{"id":"6b8fa324-5ad0-4016-9018-707ab23c49b3","first_name":"Robbie","last_name":"Goskar"},
{"id":"37ecacbd-e18f-47e6-952b-ec2fa2c64e18","first_name":"Gussie","last_name":"Perrott"},
{"id":"187e0bc7-debc-4ba6-99dd-734afe828202","first_name":"Antonius","last_name":"Ianitti"},
{"id":"cf41f9ae-5a6e-4d56-b710-bcf26a8f0c35","first_name":"Natalie","last_name":"Christall"},
{"id":"49d0c2d1-620c-4398-aefa-a27ed4d31069","first_name":"Roarke","last_name":"Fogel"},
{"id":"b197696a-acae-4829-8af1-bcb417ec0535","first_name":"Constance","last_name":"Antoniat"},
{"id":"08deab19-1f24-4ba2-b6c1-94cb46491d58","first_name":"Denys","last_name":"Rikard"},
{"id":"a3ae0c5e-4ee9-4dd7-a71f-999f14eb36b8","first_name":"Kassie","last_name":"Assante"},
{"id":"0342b510-9726-4cc8-9b11-65eb37a3ca9f","first_name":"Alida","last_name":"Podd"},
{"id":"0611d771-62c9-48cb-97e9-0b0fc583a097","first_name":"Spense","last_name":"Grout"},
{"id":"6e6cf273-2979-4104-b2b9-8b146f4d809d","first_name":"Nickolaus","last_name":"Kantor"},
{"id":"ab8a80a6-214e-4593-a2ca-f49ec0442a81","first_name":"Hilliard","last_name":"Addlestone"},
{"id":"1db7ae15-d301-40c3-b6fd-c81a0e440e37","first_name":"Bret","last_name":"Roose"},
{"id":"87fa3a81-13e0-42bf-b7a1-94f075ea0f74","first_name":"Thaddus","last_name":"Lante"},
{"id":"0257240f-7eb4-4e60-9c11-c81723d96dd6","first_name":"Geordie","last_name":"Lanahan"},
{"id":"84c3d0f3-d87d-4796-b151-04d294608aa6","first_name":"Sella","last_name":"MacCurley"},
{"id":"343e7c11-3aa3-4a7d-8b14-3f07f40c6091","first_name":"Herculie","last_name":"Buglass"},
{"id":"0f8cf6ed-e0f5-4ab1-a19a-5e63646486b0","first_name":"Carlie","last_name":"Leates"},
{"id":"bd98825e-7005-4453-96eb-ba62c0876126","first_name":"Britta","last_name":"Lamdin"},
{"id":"d4c898a1-f72b-44a5-bc89-897d590518a7","first_name":"Tybalt","last_name":"Perrot"},
{"id":"de171791-17aa-47f9-bdb6-b203932a08a5","first_name":"Inge","last_name":"Gergolet"},
{"id":"7263c940-731b-42c2-a3d5-5c2506caaaca","first_name":"Hannis","last_name":"Caws"},
{"id":"842b4250-709c-436b-ae6c-f77d09adba3e","first_name":"Patty","last_name":"Wrassell"},
{"id":"39710f3d-db6c-4707-ab68-3e21a911c13e","first_name":"Cal","last_name":"Skerm"},
{"id":"dd64e23e-437a-44be-b8c2-1e99b8334de6","first_name":"Kerwin","last_name":"Saphin"},
{"id":"bb4caf43-f6d0-4a2c-b5ce-0d35167e0055","first_name":"Mil","last_name":"Spaducci"},
{"id":"62ef1bdf-de72-4bd9-b46d-9318a012560c","first_name":"Violette","last_name":"Piel"},
{"id":"a3ffa257-7125-4f94-96b7-eea638c900e0","first_name":"Goraud","last_name":"Oppy"},
{"id":"a2f1f417-afd9-4abc-8f5a-dbb742f6f7fe","first_name":"Amandy","last_name":"Desorts"},
{"id":"5dc035db-09e7-47a9-a173-02855bae2a3e","first_name":"Donica","last_name":"Terris"},
{"id":"adbacfc8-7a1b-4277-86c8-e4cb5a44495a","first_name":"Johanna","last_name":"Tippler"},
{"id":"6f2f4c16-90d0-4e8e-80f1-33bfbd77d441","first_name":"Johnathon","last_name":"Realy"},
{"id":"a881f9b0-9d9c-4ddf-8a7a-9240200e2faa","first_name":"Marena","last_name":"Tilio"},
{"id":"80ce130c-d48d-4644-9fdd-cfa13510bc26","first_name":"Kippy","last_name":"Tummond"},
{"id":"3a9e4c8e-5168-4aa3-89ea-4a4313c8edd3","first_name":"Stanfield","last_name":"Cabrara"},
{"id":"6dc0e379-de8f-4828-bef9-4635a64f6499","first_name":"Cordy","last_name":"Lyles"},
{"id":"5f685fc7-bf98-4bcd-b76f-b93bcc3a819e","first_name":"Woodrow","last_name":"Clandillon"},
{"id":"2ee1ec45-9a54-4ec8-a764-839d75cd513b","first_name":"Zak","last_name":"Bisco"},
{"id":"891449ed-843b-4bd2-992c-4f525320e9ef","first_name":"Alisander","last_name":"Standage"},
{"id":"f19dd160-4d27-472b-a9b1-b72afa177567","first_name":"Wylma","last_name":"Obert"},
{"id":"238adc96-c80c-4b10-aa83-c6ff6bde08fe","first_name":"Garrot","last_name":"McGaughie"},
{"id":"e4f471a7-8292-4973-90aa-623494d99827","first_name":"Marlane","last_name":"Robertis"},
{"id":"b271d3d5-58e0-4cef-ba68-fe864c39b03f","first_name":"Peg","last_name":"Antoni"},
{"id":"a46373fe-1270-4014-856e-ffb28e334b61","first_name":"Vyky","last_name":"Pardy"},
{"id":"78b0e5c8-027e-44b6-9743-b01bfff1db77","first_name":"Anni","last_name":"Grosier"},
{"id":"ea48c0e2-b562-4857-baa5-4ad001a5dade","first_name":"Gertruda","last_name":"Screeton"},
{"id":"5a98e479-50cc-47d8-8dfb-664d8204add3","first_name":"Suzette","last_name":"Arnholz"},
{"id":"0cfb8764-9449-42f1-bbd0-826ac5607799","first_name":"Maddy","last_name":"Petlyura"},
{"id":"a662734b-530d-4a26-a695-32b6f1b59334","first_name":"Iormina","last_name":"Deshorts"},
{"id":"3cf95d41-afbc-4442-84a9-2d890795760c","first_name":"Caroline","last_name":"Simony"},
{"id":"7af76640-5075-4ffd-9d5e-2d4e39f5187c","first_name":"Dawna","last_name":"Snyder"},
{"id":"9bd71519-6ece-4caa-838c-4ae58d75b49e","first_name":"Johny","last_name":"Reisin"},
{"id":"e7d3c091-ef21-4acc-8f98-1be44643d477","first_name":"Gayleen","last_name":"Dalby"},
{"id":"7a8840d1-a233-427f-87f3-22ea94e7e8ab","first_name":"Stanleigh","last_name":"Ruste"},
{"id":"20b89029-fd71-4f78-a788-b3ee01e30a53","first_name":"Any","last_name":"Peirson"},
{"id":"f74ca1f7-912e-4432-954f-30ca2ae84a3d","first_name":"Joice","last_name":"Style"},
{"id":"2dcad753-9184-4ca9-9173-00fb39932505","first_name":"Robbie","last_name":"Ratley"},
{"id":"b2b6535d-94ea-422d-a786-78074f793943","first_name":"Ellette","last_name":"Zemler"},
{"id":"18636bf5-11f6-48ac-a9cc-9b84edfdd327","first_name":"Ashlan","last_name":"Gumm"},
{"id":"aafd84ad-6dd5-445c-9ddb-ce9ab626038d","first_name":"Jenica","last_name":"Bertolin"},
{"id":"7f043a99-1271-46f6-bea8-20e43519e5f6","first_name":"Benn","last_name":"Wheelwright"},
{"id":"b42e69dc-a2a1-4b17-aa82-5d071f58a63f","first_name":"Cristina","last_name":"Glynne"},
{"id":"f8acb8fd-0c06-4735-8d5c-434a3e19edf2","first_name":"Florry","last_name":"Mulchrone"},
{"id":"bef295ac-aaa5-4e84-9d96-9e9b928d38b2","first_name":"Aimee","last_name":"Gilfoyle"},
{"id":"8f02200a-ec7e-42b0-8a6d-8839cf023be0","first_name":"Xylina","last_name":"Lillyman"},
{"id":"11dfb43a-e49f-4e67-b420-75eef54e48df","first_name":"Rozalie","last_name":"Donnersberg"},
{"id":"b6482375-a9b1-4054-a1c5-754e451a9e62","first_name":"Bearnard","last_name":"Spight"},
{"id":"0a599a03-5caa-442b-b227-17cc8fd50f81","first_name":"Luther","last_name":"Lief"},
{"id":"ccad4dac-939b-4de8-aa51-1fd170557e3c","first_name":"Lidia","last_name":"Lumsdaine"},
{"id":"8199dbea-6501-46ba-9144-ea57117eaf29","first_name":"Ronda","last_name":"Danbye"},
{"id":"09cdce59-d407-4821-8288-3ec4a7dbfe63","first_name":"Jocelyn","last_name":"Somerbell"},
{"id":"c07b78d0-8e26-4642-8d7a-41a9935cd3f1","first_name":"Arielle","last_name":"Gowdy"},
{"id":"746aa57a-e818-4d77-8854-cd8c09ca6746","first_name":"Trish","last_name":"Venour"},
{"id":"765470d8-6143-4534-ba08-4aa1f678bffd","first_name":"Ferne","last_name":"Sayward"},
{"id":"1e929600-dbe6-45f4-a547-5b131d2a7808","first_name":"Layla","last_name":"McGunley"},
{"id":"dc7e2de2-2236-4be7-af14-1194063f0e61","first_name":"Jandy","last_name":"Whiteoak"},
{"id":"0a48d15f-e5e4-4b50-ba49-1012eb132cbb","first_name":"Karol","last_name":"Gunningham"},
{"id":"96f214f9-e4f7-492e-aec3-2d88644838be","first_name":"Ardenia","last_name":"Courteney"},
{"id":"97d3ca37-0eb7-427b-96fd-101db65af105","first_name":"Jemmy","last_name":"Anneslie"},
{"id":"2379da63-20ec-4b06-9928-a351005b5937","first_name":"Roxy","last_name":"Gotthard.sf"},
{"id":"a1cb5944-bc05-4f1f-9273-f00bb00d2d70","first_name":"Edan","last_name":"Penhearow"},
{"id":"672403f9-a270-4bd5-9b87-adbb16d51ab5","first_name":"Emmalynne","last_name":"Kermit"},
{"id":"a58e3674-8811-48eb-a90b-8c1ff89ff2b8","first_name":"Emiline","last_name":"Alyokhin"},
{"id":"3e32f6f4-fa9e-441c-8877-d60863131449","first_name":"Kearney","last_name":"Huton"},
{"id":"ef6a57e7-8b94-4e58-aa6f-cf4602a014d8","first_name":"Anabal","last_name":"Parrington"},
{"id":"e9388a08-d4d4-4865-81fd-2b834e0c29e2","first_name":"Frannie","last_name":"Craister"},
{"id":"c383a955-1172-4727-80cd-cf6dbe9f4451","first_name":"Dido","last_name":"Luipold"},
{"id":"c78745a6-4b97-4b9e-861f-80d1b9b6561a","first_name":"Annnora","last_name":"Bednell"},
{"id":"65b92e1f-a7a0-4876-9cbb-43be88916cd5","first_name":"Helyn","last_name":"Appleford"},
{"id":"166815a3-b59e-4cb1-927c-52e807d4e748","first_name":"Kipper","last_name":"Philipsson"},
{"id":"ad6100e3-fedd-47ba-ae11-b22966d8bd0d","first_name":"Ashley","last_name":"Portam"},
{"id":"ff39c38c-1ef4-49c2-99f5-6dcd925f2eb3","first_name":"Cristen","last_name":"Riddington"},
{"id":"32ec3997-d3b8-456a-8fbd-99c95e810662","first_name":"Emmey","last_name":"Fitchell"},
{"id":"50dcda6b-496e-44ed-82dd-f27f06be2989","first_name":"Konstance","last_name":"MacAndreis"},
{"id":"64a3f187-fa09-4f67-ba5e-9f9e444065c8","first_name":"Karyl","last_name":"Everiss"},
{"id":"5bb6dca0-dea2-4dd9-9f2f-2a32f0e419f1","first_name":"Amalee","last_name":"Gatling"},
{"id":"637f8766-2cf0-4e24-9c43-9e875ea2021e","first_name":"Rani","last_name":"Dwyer"},
{"id":"fb97e6e9-b4ba-4393-a10e-0103b1521bf9","first_name":"Nye","last_name":"Meak"},
{"id":"7b0e133b-1850-4bd7-864c-cb383129ffe6","first_name":"Cookie","last_name":"Cowan"},
{"id":"962ad98a-6763-4978-853a-03b3c6c6b5de","first_name":"Rita","last_name":"Klug"},
{"id":"54134cd4-a9ef-4f2e-8e74-33ff588e12d8","first_name":"Natal","last_name":"Burree"},
{"id":"2c639fbe-ef4e-4778-b31c-d94af9885b24","first_name":"Astrix","last_name":"Cadore"},
{"id":"e1030c99-ddab-4c4d-bd8a-0178ab907391","first_name":"Dael","last_name":"Rodmell"},
{"id":"f6fa442d-9f43-4270-912b-eb19512c86c0","first_name":"Ediva","last_name":"Rives"},
{"id":"90b6f49b-7159-4c03-bde6-9737fdf60a8b","first_name":"Erena","last_name":"Brunini"},
{"id":"f90986d2-35ea-445c-a95a-8ba22d8ac2ac","first_name":"Sanderson","last_name":"Milillo"},
{"id":"0b1e11ef-a768-4b49-813a-a35b862daceb","first_name":"Teodoor","last_name":"Scrooby"},
{"id":"e461e29b-10c1-48c2-802b-acd9b66eab24","first_name":"Jayme","last_name":"Arnow"},
{"id":"ac92087d-b980-410d-95be-86f649b1859e","first_name":"Fran","last_name":"Berford"},
{"id":"a886b170-e319-476d-9494-a07d3f78b500","first_name":"Megan","last_name":"Grimmert"},
{"id":"ca164001-9e66-4e53-b832-bd77ebb4d94f","first_name":"Marmaduke","last_name":"MacAlees"},
{"id":"769db2c1-549c-4b0c-a3d7-b2401ac92310","first_name":"Normy","last_name":"Lumbly"},
{"id":"dded8869-718e-4ad9-987e-94c564e4c731","first_name":"Trina","last_name":"Parcell"},
{"id":"58758a42-eab2-4808-a362-c9854b3ed65c","first_name":"Osmond","last_name":"Blackmuir"},
{"id":"fa045083-4975-4cbe-8f97-fc7533f96c05","first_name":"Genni","last_name":"Ziemecki"},
{"id":"9d45b4e4-876a-48b0-b666-455eaed8bd61","first_name":"Mahalia","last_name":"Turford"},
{"id":"bf8d2ec9-833d-4710-bfca-36a584878440","first_name":"Carmina","last_name":"Lanchberry"},
{"id":"30204286-185b-40c0-910c-4975523cadab","first_name":"Layla","last_name":"Linne"},
{"id":"733a4040-70fe-4542-b32d-fbd244c84d58","first_name":"Jess","last_name":"Gurley"},
{"id":"8e52475e-d13d-4027-968c-1f2e80082435","first_name":"Giustina","last_name":"Amort"},
{"id":"11c32236-c19d-4278-bc8f-cc1a9efb2e8a","first_name":"Ignace","last_name":"Sherbourne"},
{"id":"408ea364-9d1e-4111-a96b-faec8320fe36","first_name":"Glennie","last_name":"Hedgeman"},
{"id":"17ff21c2-7d4b-4744-8e2b-fefbf6718716","first_name":"Chance","last_name":"Northill"},
{"id":"75d52437-b7df-4788-9d21-12597e8a1dad","first_name":"Kendall","last_name":"Crepin"},
{"id":"29a26e4f-cabe-447a-aa28-be67b072e999","first_name":"Rhody","last_name":"Edmands"},
{"id":"d40a19ba-67c3-4460-9e39-8d69be5d27b6","first_name":"Winni","last_name":"Melby"},
{"id":"874e2ab1-6660-46d7-9932-79fecbd66ff0","first_name":"Izzy","last_name":"Jimenez"},
{"id":"b268c7a8-47ed-447a-93a3-56689af73b54","first_name":"Chico","last_name":"Westoff"},
{"id":"1d9d1900-7435-4dcd-918b-06feed31d7ba","first_name":"Correna","last_name":"Noke"},
{"id":"9b2b3e65-92c9-4de3-98fe-ef24a15373ae","first_name":"Rhonda","last_name":"Aronstam"},
{"id":"9aefc75b-10d2-4d0e-ae56-0e5759b8d9db","first_name":"Rozanna","last_name":"Southcoat"},
{"id":"eeafe587-fd1d-40c3-905c-d691290bffc8","first_name":"Aldus","last_name":"Edards"},
{"id":"94a4c870-3861-4301-9c83-6c6cb239880d","first_name":"Babb","last_name":"Joust"},
{"id":"f869b08b-fb39-423c-bca4-cc18f02171a1","first_name":"Homerus","last_name":"Griffey"},
{"id":"7f7c8eb7-715e-4e09-bb13-5323dc100a30","first_name":"Carrie","last_name":"Rapp"},
{"id":"55aa5f53-9732-4309-88ef-9abcdd47e033","first_name":"Shalom","last_name":"Spreckley"},
{"id":"9e95585c-a947-40b9-b5df-3ce92bbbe103","first_name":"Katti","last_name":"Szymonwicz"},
{"id":"0ea30a14-94c7-4c6a-87df-8878536bf631","first_name":"Bail","last_name":"Ghilks"},
{"id":"9bfcd5e8-0c72-4a49-a641-c7fe155db7e0","first_name":"Eran","last_name":"Sedger"},
{"id":"e0a5938c-9430-4c49-9861-246ed86e42e6","first_name":"Marylee","last_name":"Trayford"},
{"id":"3f85be5d-b2c3-41cc-9224-c1b6d93fa39b","first_name":"Evvie","last_name":"Mitro"},
{"id":"069f4a6b-e852-4898-a967-bea1256a498e","first_name":"Arlen","last_name":"Sentinella"},
{"id":"daa22aa4-493b-4806-b5ef-1ebdedbe597e","first_name":"Reese","last_name":"Burdekin"},
{"id":"b53bcb25-ccc4-4b1f-ba53-e82ff997a9cf","first_name":"Marwin","last_name":"Armsden"},
{"id":"2fd424ae-f245-4f95-89d6-e0a88e149ae1","first_name":"Lianna","last_name":"Cherrie"},
{"id":"07528a61-9ec4-44b4-b2ea-06c1d63de58b","first_name":"Nap","last_name":"Keirle"},
{"id":"a8613591-c4c4-4ab8-a817-5af7f892b5c5","first_name":"Wadsworth","last_name":"Thridgould"},
{"id":"86dc5a5f-b1c9-4b5f-a297-f5d3c5d0296a","first_name":"Othelia","last_name":"Haquin"},
{"id":"95765172-d659-41f8-99ce-488d093d76cf","first_name":"Christina","last_name":"Beaston"},
{"id":"abe8bd1d-cdf8-4392-855e-c64a64b522cb","first_name":"Jena","last_name":"Comoletti"},
{"id":"f819feb5-0ece-4e46-9ec0-fe5445db987f","first_name":"Marve","last_name":"MacKim"},
{"id":"be93ec07-bfa7-44a7-a1e3-6f3636764afb","first_name":"Stephi","last_name":"Terrington"},
{"id":"56016796-62b1-478c-a040-e2e7064f318b","first_name":"Marget","last_name":"Havesides"},
{"id":"33adca29-0f43-43e2-a5cc-4059c3284863","first_name":"Gonzales","last_name":"Bauchop"},
{"id":"d0a31dd8-c68d-4156-87c4-a1835f7f632b","first_name":"Susannah","last_name":"Corbridge"},
{"id":"25706870-a265-4c0a-8570-fe8efeb7c566","first_name":"Patience","last_name":"Stoyles"},
{"id":"671ba3a9-be59-41f0-ab53-84d48691cbfe","first_name":"Carri","last_name":"Bonhill"},
{"id":"0916412d-1980-4278-b310-4538a5606ee4","first_name":"Dore","last_name":"Barke"},
{"id":"71cbd9ff-f669-4bbe-bf35-8439ba58b6b2","first_name":"Kailey","last_name":"Whatsize"},
{"id":"ea3d87ca-7920-41fd-b335-cb9a4dc5ebf6","first_name":"Damita","last_name":"Febre"},
{"id":"93129c50-80c7-4b90-8997-d6885c29bddb","first_name":"Allistir","last_name":"Karlqvist"},
{"id":"965858aa-1ae5-4855-992e-7b7c18fc7924","first_name":"Martha","last_name":"Tevelov"},
{"id":"7a44be4d-f5c7-4ef5-89fa-5a6a212bf8d0","first_name":"Nancey","last_name":"Reoch"},
{"id":"497b95d2-f92e-43d7-9a00-77885d269763","first_name":"Shir","last_name":"Maypowder"},
{"id":"10b7b61b-d826-405e-a97e-52d532f954b6","first_name":"Margalo","last_name":"Sinclair"},
{"id":"68ac8ded-8b07-4a49-afa7-523a0a11976f","first_name":"Burk","last_name":"Mowle"},
{"id":"1ecbb5b4-3946-4795-877c-0483e54077f4","first_name":"Blair","last_name":"Conneau"},
{"id":"fbfcebb4-8eff-4a64-aa15-992b1312f875","first_name":"Blinnie","last_name":"Mougenel"},
{"id":"e827d65a-909c-477d-b49b-732ad73cef87","first_name":"Travers","last_name":"Schubert"},
{"id":"5dcf8ec9-4500-41fb-9d60-f2989faac30a","first_name":"Lurette","last_name":"Clementel"},
{"id":"c8a1cacc-bdd3-4c40-b538-cd323e880064","first_name":"Sallie","last_name":"Bumpass"},
{"id":"e37297dc-0911-46c1-9072-434047b1b30e","first_name":"Archie","last_name":"Postle"},
{"id":"8ed178cf-27ca-4190-acd9-8f274c9e0792","first_name":"Vassili","last_name":"Paulig"},
{"id":"f74f7010-2ab8-41ed-af4b-9b313f81d635","first_name":"Benetta","last_name":"Andrejs"},
{"id":"66ead90c-ac90-49d4-843d-f80ffc075594","first_name":"Merissa","last_name":"Erdes"},
{"id":"42823ef4-e7d9-4092-ba47-2c83db659c15","first_name":"Rhody","last_name":"Salterne"},
{"id":"513eb6a9-4131-4852-9e67-09688d8beaff","first_name":"Brandie","last_name":"Libbey"},
{"id":"4148675d-191d-4444-b52a-f4f1645ee383","first_name":"Christabel","last_name":"Hinrichs"},
{"id":"a4afc4c2-0702-4104-ae33-ff4b95a49d43","first_name":"Allsun","last_name":"Julien"},
{"id":"a794a74e-a027-478a-8da0-80edc1cfc5c3","first_name":"Siffre","last_name":"Lamasna"},
{"id":"c336e3e7-2a76-43e5-b46f-a3c28403b395","first_name":"Jacquelin","last_name":"Bridgewater"},
{"id":"c12c7fb4-0ab5-4302-9af5-c04a19d75d7c","first_name":"Dill","last_name":"Grimsdell"},
{"id":"4e8cb7e4-eccc-483f-b8fe-9f1b30b3722e","first_name":"Corri","last_name":"Barrim"},
{"id":"fd96e0f8-fe05-43f1-8210-3929caddf522","first_name":"Tudor","last_name":"Gronaller"},
{"id":"4544d6e6-eb24-44a4-96f3-6dce24b8d707","first_name":"Buddie","last_name":"Feifer"},
{"id":"37ed7318-54a5-488a-879c-a5381ac9174f","first_name":"Falito","last_name":"Sainz"},
{"id":"66703193-eda2-42e5-bc7d-e73d6c36ee00","first_name":"Hale","last_name":"Garbott"},
{"id":"ef5295f4-e8a7-43e3-a4c5-a0407f717eab","first_name":"Lyndsey","last_name":"Albiston"},
{"id":"bc02bab3-9cac-4825-9a30-dd8efc54be6e","first_name":"Dianemarie","last_name":"Dutch"},
{"id":"95f99f21-7066-44d0-b2a8-375e38647a77","first_name":"Gardner","last_name":"Belch"},
{"id":"b82af60b-04ee-4c1b-a9b9-ae4b0033ad09","first_name":"Drusilla","last_name":"Ovid"},
{"id":"dc201ab4-8da6-475f-aa6c-a52d5221d345","first_name":"Casper","last_name":"O'Loghlen"},
{"id":"30b764f7-fd4c-414c-8f30-237575e9b9a8","first_name":"Myca","last_name":"Petzold"},
{"id":"ae6f1949-b363-47a8-a480-8c0762b09d05","first_name":"Frederigo","last_name":"Bufton"},
{"id":"60aa7391-e751-4657-a6c4-f09bcf7c10a9","first_name":"Brendin","last_name":"Vasyushkhin"},
{"id":"ca559a17-c03d-42d0-8087-2084771d5714","first_name":"Gayler","last_name":"Farrens"},
{"id":"f83b8b75-55c9-4256-b73c-d5ee14a89f2b","first_name":"Dev","last_name":"Dubs"},
{"id":"a07fa81d-07ae-49e5-bc71-0bc50878abec","first_name":"Mischa","last_name":"Shorey"},
{"id":"f1374052-5e07-42a5-b688-650ca5bd693b","first_name":"Lilith","last_name":"Lombard"},
{"id":"7f9532a3-163b-43a8-8fd2-64315e865fa5","first_name":"Peder","last_name":"Conquest"},
{"id":"cdc638ca-cddc-46d1-ba9c-c15f9a1c5e79","first_name":"Merrie","last_name":"Goldis"},
{"id":"12695aaa-7fad-4d81-b6b7-8b15f3d2667d","first_name":"Thorin","last_name":"Buxey"},
{"id":"a48ea295-0155-42c6-88b6-7a2c4f8cff45","first_name":"Odele","last_name":"Longcaster"},
{"id":"77e1cb0c-adfa-4d8e-a826-5cfbd319a9b9","first_name":"Thedrick","last_name":"Mulliss"},
{"id":"d0a9d373-1d2c-4db3-922b-b3195da7767d","first_name":"Timmy","last_name":"Foxcroft"},
{"id":"57a67419-e789-4bd2-99a2-ca2a7dc9337d","first_name":"Sal","last_name":"Cornish"},
{"id":"0a439e07-b557-43dd-ad71-c7cd393444ca","first_name":"Karine","last_name":"Carlisso"},
{"id":"1c576e5d-a622-42ca-8a46-13a14f0aff60","first_name":"Trever","last_name":"Behninck"},
{"id":"50fd227a-6178-42fa-8a33-174f179d8fdf","first_name":"Corine","last_name":"Massingham"},
{"id":"0b8ad9fd-6b92-4e07-8d42-ada1c09caaeb","first_name":"Gerti","last_name":"Alelsandrovich"},
{"id":"0afc05ff-0f3a-4ca2-8810-1b70b2da22a3","first_name":"Bernardo","last_name":"Patry"},
{"id":"9565c144-42be-4f86-9a54-ec819250706b","first_name":"Janean","last_name":"Bison"},
{"id":"a36da7f2-5338-404b-9197-8384055a9f01","first_name":"Minor","last_name":"Reolfi"},
{"id":"a63f5a44-5166-4835-972d-55c4ee20e41e","first_name":"Shanie","last_name":"Sneezem"},
{"id":"d7f78429-10c5-42bd-9f0b-4d20af7ea261","first_name":"Rebeca","last_name":"Pawsey"},
{"id":"8519cdd4-b6af-4a37-bcaa-3fc74578188a","first_name":"Fionna","last_name":"Friel"},
{"id":"f632a96b-dd81-4a16-b287-b6a201139138","first_name":"Ignaz","last_name":"Birkenhead"},
{"id":"43ad7f20-486c-4014-8487-dbee544ea467","first_name":"Darill","last_name":"Murrock"},
{"id":"369dc231-fee4-490f-b2e1-fea695cc535f","first_name":"Codi","last_name":"Shiers"},
{"id":"42c5ec46-3009-4f7d-b9c8-d30a01fa5099","first_name":"Kimble","last_name":"Cato"},
{"id":"59397518-bf48-4f1a-a402-6d648a574743","first_name":"Dill","last_name":"Rowling"},
{"id":"b8cb794c-d4f0-4a56-bcdf-1f59ce288fbb","first_name":"Nikolas","last_name":"Baden"},
{"id":"accfda91-cb96-4e8d-bddf-3949c5aad617","first_name":"Joel","last_name":"MacGarvey"},
{"id":"40195622-908f-4bea-958d-42c1cecb4c51","first_name":"Kenna","last_name":"Simmings"},
{"id":"119b6595-4e2f-4bb5-95b9-b13d6a83d21a","first_name":"Lutero","last_name":"Smewings"},
{"id":"3ef00917-d5bb-4e85-a6b4-1cbd8ca5c460","first_name":"Berty","last_name":"Thom"},
{"id":"12f19133-fcdf-43c1-a017-73efd02286dc","first_name":"Olenolin","last_name":"MacVean"},
{"id":"59159ffd-5d4e-4f83-88f0-8100563fdba2","first_name":"Melisse","last_name":"Wile"},
{"id":"696742b1-04c7-41cf-a031-d4ee7edcdf9e","first_name":"Ferrell","last_name":"McPherson"},
{"id":"1ef4d6a8-61fb-4d46-84c0-3b06ad22ebb8","first_name":"Cathy","last_name":"Chadwick"},
{"id":"ec6fb29a-860a-4173-ae1c-c37d799b1d15","first_name":"Harman","last_name":"Treweek"},
{"id":"a4119362-c46e-4dc2-b9cf-78c15f6851aa","first_name":"Karola","last_name":"Buttriss"},
{"id":"a4779f9b-4164-4b2b-990c-dbc5abc1f5ef","first_name":"Amery","last_name":"Trout"},
{"id":"d3307465-2e2d-47b9-b660-2f4dc28b7dd9","first_name":"Remus","last_name":"Redmile"},
{"id":"ef073b9d-9caa-4b03-b6cf-b8d0f870ef8e","first_name":"Graehme","last_name":"Matley"},
{"id":"03e965ec-f1c8-43c2-bdcc-03eb7b0b267a","first_name":"Tomkin","last_name":"Churchlow"},
{"id":"bb2c5df1-21db-4413-96c9-c5f1d3133d23","first_name":"Margery","last_name":"Gallichiccio"},
{"id":"82743aec-1708-470f-b582-f7a92b7dc24f","first_name":"Oswell","last_name":"Pinsent"},
{"id":"a5d0cde0-8373-4652-86de-105a8e384d2a","first_name":"Al","last_name":"Duffill"},
{"id":"c05bf5fc-e7c0-49ab-92ed-3a2aa962d040","first_name":"Avril","last_name":"Biddles"},
{"id":"c7214a19-beea-4fb6-b908-c4a1ee7f430b","first_name":"Abby","last_name":"Curedale"},
{"id":"67980d08-62fd-4007-b59e-ba3c6103d31a","first_name":"Trefor","last_name":"Wynett"},
{"id":"48b0f649-0187-4b7a-8be3-addd0aec9b53","first_name":"Pace","last_name":"Weber"},
{"id":"b90d33ed-4059-40a2-bddb-c6dc4ce4c0ac","first_name":"Jae","last_name":"Joist"},
{"id":"ed60e484-3d9f-4ae6-8466-aece06f14665","first_name":"Donaugh","last_name":"Loud"},
{"id":"5d2d85e1-0dd3-4b99-a5f4-f219ebb096cb","first_name":"Annadiane","last_name":"Belvin"},
{"id":"6654c24b-39e5-4d50-833e-0f4b0da5f621","first_name":"Vidovik","last_name":"Rabb"},
{"id":"b76fa280-c47d-4f35-99b2-92fd6376fa61","first_name":"Sherwynd","last_name":"Varns"},
{"id":"e2863ae0-41c6-444f-b967-c7a6ae2a614c","first_name":"Augustin","last_name":"Cockshoot"},
{"id":"8904adc0-06a3-40b0-aa77-4022321c9e71","first_name":"Dannye","last_name":"Dilrew"},
{"id":"c7be92c8-bee8-4a78-b026-dddf97c27870","first_name":"Sybila","last_name":"Ditts"},
{"id":"b0bf1570-c3d0-4ac9-be82-8a7d112c50e3","first_name":"Robinet","last_name":"Nickels"},
{"id":"179d3a3b-780f-4c1f-94e2-8588f458205f","first_name":"Irving","last_name":"Fallis"},
{"id":"105761c9-fae2-4461-b54b-fcf4a647c1a1","first_name":"Colet","last_name":"Arnout"},
{"id":"9d7acf44-4498-4505-bef1-7940d5135342","first_name":"Petronia","last_name":"Goodread"},
{"id":"417b0737-b23e-496c-9312-4c35ec8e4510","first_name":"Corly","last_name":"Whorf"},
{"id":"2350f079-169d-4a18-86cb-af9d1dffaa6f","first_name":"Gabriellia","last_name":"Willcocks"},
{"id":"381ca7a8-411d-4dc4-87a1-5eecc1912868","first_name":"Elinor","last_name":"Few"},
{"id":"2c25fd79-a8a7-46a8-8922-2124b4f34994","first_name":"Broderic","last_name":"Summerside"},
{"id":"f2a633fd-7ba2-471f-a849-dcc37e59ff39","first_name":"Slade","last_name":"Gowanlock"},
{"id":"883e108d-b2a3-4608-a215-e34a40991f58","first_name":"Corina","last_name":"Aldcorn"},
{"id":"7a0497a0-b2f7-4e13-a7ac-51ac1e536dc1","first_name":"Trista","last_name":"Lafayette"},
{"id":"de842876-c39b-40f1-9829-d1073d9d2f1a","first_name":"Deva","last_name":"Leipelt"},
{"id":"7b5c1b78-1a01-4a0d-86e9-ab4ab6418591","first_name":"Ezekiel","last_name":"Garioch"},
{"id":"037e3e1e-5884-4d87-a722-93a3bbf09ba6","first_name":"Siobhan","last_name":"Getch"},
{"id":"468082b5-f062-4417-9574-118d5ae9522a","first_name":"Star","last_name":"Schellig"},
{"id":"4c7170e6-4296-4902-9286-3975598465e1","first_name":"Rosmunda","last_name":"Degoy"},
{"id":"ccecb4d4-9108-4b31-be79-4ac163fbbc36","first_name":"Theadora","last_name":"Springtorp"},
{"id":"254e76b5-7605-4f72-ab34-e1ab2dedfb84","first_name":"Stanleigh","last_name":"Pincked"},
{"id":"0dabd336-6ec3-4ccb-9f72-d1d4823f1381","first_name":"Flemming","last_name":"Lavery"},
{"id":"929da6f2-a1fe-4c55-84c7-122e03224286","first_name":"Alisha","last_name":"Harnell"},
{"id":"417f0fe7-68f2-4115-99dc-633ba59a2b7d","first_name":"Mercy","last_name":"Lowdes"},
{"id":"5e23e633-ded1-45a0-8915-a9de9dc8e800","first_name":"Ches","last_name":"Duxbury"},
{"id":"eca94e1a-ea5a-4d61-8f23-8dfc4c81728c","first_name":"Johannah","last_name":"Klehyn"},
{"id":"49fa3abe-bd9d-4219-82e6-29df692df841","first_name":"Bobette","last_name":"Gronowe"},
{"id":"2c399928-c0d7-4029-86b1-972f93fd472b","first_name":"Ernst","last_name":"Banstead"},
{"id":"1f59a1fe-70f3-43a9-9622-bd0b30103fde","first_name":"Maren","last_name":"Polotti"},
{"id":"dff1f32c-1032-456f-b332-09a9f60a0747","first_name":"Shandra","last_name":"Claris"},
{"id":"9a59a357-7ddf-472a-af0b-52b681d3a035","first_name":"Jenni","last_name":"Hallums"},
{"id":"280b47b8-6966-4827-a97b-a5321421417f","first_name":"Meghann","last_name":"Medcraft"},
{"id":"32696cfe-27a1-417e-8785-c63cf43e482c","first_name":"Consuela","last_name":"Dimitrijevic"},
{"id":"4ecb3bf1-9f79-48c9-b0a4-1f9cd90b0a26","first_name":"Shelby","last_name":"Tynnan"},
{"id":"5df18ebb-466d-4f4e-850b-0db51fd5a3de","first_name":"Willow","last_name":"Setterthwait"},
{"id":"46f64459-c77f-4f53-9214-d914b3feef7b","first_name":"Virge","last_name":"Eberlein"},
{"id":"43d2fc1a-498a-4e7e-a7a0-761c653eb6d1","first_name":"Kristopher","last_name":"Bednall"},
{"id":"1bd77768-95d8-4a7d-87c9-2c64612a227a","first_name":"Ofelia","last_name":"Franceschelli"},
{"id":"a8a7d2ac-1961-4950-bedc-0ed28f380cd1","first_name":"Cesar","last_name":"Martinetto"},
{"id":"492efb49-2830-4ac3-a766-20f393e93736","first_name":"Karlens","last_name":"Vance"},
{"id":"42f7a7a5-5813-461d-8bd1-6650dde8b264","first_name":"Nikita","last_name":"Happel"},
{"id":"92a8f6a4-40bc-4b7b-b473-81fbfe06ee55","first_name":"Dyan","last_name":"McClean"},
{"id":"3af138de-17a2-49c3-b29e-0b4d910fa364","first_name":"Chariot","last_name":"Lias"},
{"id":"29fb3d45-040d-4c02-85a9-8f507a3c1146","first_name":"Scotti","last_name":"Fradson"},
{"id":"06bacdce-3fb7-4e9c-8108-f3dc3f0dcc28","first_name":"Cherianne","last_name":"Turfitt"},
{"id":"6e3a657b-5ee5-405b-af14-5368a3d4b31c","first_name":"Renaldo","last_name":"McIlwraith"},
{"id":"3a58a511-79ec-4d9c-b72f-16413eb37f7d","first_name":"Juana","last_name":"Whittle"},
{"id":"147638ea-c0c0-4f21-a107-408cd4975480","first_name":"Rubetta","last_name":"Llewelyn"},
{"id":"12fcec2c-fbc5-43bc-922a-e53125ced184","first_name":"Ky","last_name":"Dannel"},
{"id":"54edb272-5167-4b5f-aab9-d274d3cef303","first_name":"Devin","last_name":"Rubinfeld"},
{"id":"de1fdc27-84b2-4632-9c6d-1965751116d8","first_name":"Boote","last_name":"Assinder"},
{"id":"2da839da-1faa-4e3c-acc2-4f347c7c43f6","first_name":"Liv","last_name":"Stute"},
{"id":"7a1514be-7b7f-47ce-8eb8-4f385f01c3f1","first_name":"Nike","last_name":"Morsey"},
{"id":"c1e2d3d6-7f1d-481c-8003-66ad9fbb6f3f","first_name":"Annabella","last_name":"Berrill"},
{"id":"a94527eb-1cda-4e1b-8ad6-ba86bb3b601f","first_name":"Jo-ann","last_name":"Boundy"},
{"id":"66f46543-c849-4b91-8739-bc1077a40fc8","first_name":"Sissie","last_name":"Gantzer"},
{"id":"d40a0204-650a-40f2-afae-323d47b27dd9","first_name":"Elena","last_name":"Oliff"},
{"id":"3c314a52-421e-40a7-8526-1e595c7234e9","first_name":"Devina","last_name":"Buckley"},
{"id":"d567aa39-e599-4297-a38f-fa6430795733","first_name":"Tanny","last_name":"Perche"},
{"id":"c98e5539-4c12-4afe-bd30-335b23793fd8","first_name":"Sigfrid","last_name":"Hain"},
{"id":"56282099-8e58-4bf0-a643-6f77a3ca75fc","first_name":"Haywood","last_name":"Trimmell"},
{"id":"e7f82031-4edb-43c6-af5e-81f056c007c1","first_name":"Sosanna","last_name":"Benedtti"},
{"id":"e062960a-68a2-4f58-9302-1a359143443c","first_name":"Albie","last_name":"Fechnie"},
{"id":"71bfe115-7f78-4b3c-9653-836d7cfb7c28","first_name":"Jaymie","last_name":"Ambrogioli"},
{"id":"e10966f4-1c93-441d-bbb9-283b24329992","first_name":"Barrie","last_name":"Abrams"},
{"id":"f020f84f-a152-4859-82b2-41902b16fdba","first_name":"Molli","last_name":"Minihane"},
{"id":"1b13eb0a-6793-4093-93d4-e862b71c1179","first_name":"Valera","last_name":"Tartt"},
{"id":"64950f38-cdac-4e16-be9a-7df96310817c","first_name":"Shea","last_name":"Kingsmill"},
{"id":"ecf9bc97-8deb-4f78-babd-5df2fda254a9","first_name":"Marcus","last_name":"Handover"},
{"id":"a0882676-66f2-4754-be6d-066eabddbcae","first_name":"Hyacinthie","last_name":"Whooley"},
{"id":"835bc9bf-9b9c-4093-a86e-f5bdd9c96841","first_name":"Fulvia","last_name":"Duckerin"},
{"id":"d1be85e9-3c92-4f44-bb84-3ab4674536f6","first_name":"Valdemar","last_name":"Gerty"},
{"id":"39bd3de6-6315-4b50-98ae-1621c71b675d","first_name":"Vernice","last_name":"Handrek"},
{"id":"162ce33e-ce66-4cf8-aeef-48188b134d2c","first_name":"Weider","last_name":"De Gouy"},
{"id":"000f2ec3-0316-4bc5-83f5-d3918fa2a33a","first_name":"Chelsie","last_name":"Furbank"},
{"id":"f702040d-3be9-46b8-b038-c983af068e5f","first_name":"Cherish","last_name":"Considine"},
{"id":"4cdeb8ea-80e4-4cc7-abe9-bf871d52f095","first_name":"Torre","last_name":"Samber"},
{"id":"07244816-aaaf-497d-8e61-3343c92e0298","first_name":"Newton","last_name":"Covill"},
{"id":"679f0b26-d3cb-41a5-99aa-e21d0fab33ed","first_name":"Jennette","last_name":"Wennam"},
{"id":"5980ec37-1c4e-435e-8d2a-49b8477f0e21","first_name":"Gay","last_name":"Semarke"},
{"id":"c35a589d-f9d5-4f02-b014-6e4c6624026d","first_name":"Mikael","last_name":"Bortolutti"},
{"id":"24baa454-4986-49a5-8d30-26c18597922a","first_name":"Arlina","last_name":"Hourihane"},
{"id":"cfa75024-cecd-4871-8704-372a82f67e70","first_name":"Ethyl","last_name":"Poletto"},
{"id":"f9d82083-01e3-466a-901e-689832b7e8a6","first_name":"Ajay","last_name":"Laweles"},
{"id":"ae06730b-f9c7-4908-910a-7a5e49d076ae","first_name":"Daryn","last_name":"Snaith"},
{"id":"82c2ce2e-13ec-4363-925a-d6af840e76ff","first_name":"Elli","last_name":"Cazereau"},
{"id":"8936c582-6f93-46af-866d-1ef846eee247","first_name":"Krystle","last_name":"O'Coskerry"},
{"id":"2ddf4e16-1592-4697-bbf8-f4ee75a4b1e6","first_name":"Cross","last_name":"Bamlett"},
{"id":"de22c198-2c34-4c87-8250-2efca2defb88","first_name":"Cris","last_name":"Ralph"},
{"id":"084a45d7-d150-468c-8ebb-b8010f4847e8","first_name":"Reina","last_name":"Antoons"},
{"id":"b61c041a-8dee-4123-84d6-139ec0b85e09","first_name":"Mike","last_name":"Linsley"},
{"id":"37f8b815-2370-4f2f-915f-e29c6d861501","first_name":"Selina","last_name":"Gresser"},
{"id":"c3346c17-1ee1-4f31-a12e-b5fa933bcd5c","first_name":"Ceciley","last_name":"Fountian"},
{"id":"d83c81d4-bd65-44d3-a7e3-7f79db46fb84","first_name":"Avigdor","last_name":"Rolland"},
{"id":"2bb9cce5-d374-403d-b31f-fca7e996dc77","first_name":"Florrie","last_name":"Marfe"},
{"id":"f7bd98a4-5218-4fa5-9ee4-8f1007f70ccb","first_name":"Di","last_name":"Bortoluzzi"},
{"id":"ab4bb066-6f82-4c36-9c0f-63b46a297eed","first_name":"Woodman","last_name":"Pratley"},
{"id":"9199a939-5270-4cdb-87a6-e270c6684a26","first_name":"Merrile","last_name":"Grix"},
{"id":"3426fda3-89dd-43ba-a384-3f062b954d54","first_name":"Karole","last_name":"Evered"},
{"id":"dd84ebbf-d7b5-4ac9-abe3-26c13ead95fa","first_name":"Othello","last_name":"Blackburne"},
{"id":"8448c646-dd3e-43bc-8528-8cb24ae2f1c8","first_name":"Marten","last_name":"Matasov"},
{"id":"abae4e07-22df-4554-8457-72bb8b52451d","first_name":"Ranique","last_name":"Kalisz"},
{"id":"94a31d9e-1c68-46c0-a03a-9c4e6876b894","first_name":"Sibby","last_name":"Okroy"},
{"id":"3bb163e8-1207-42e6-b54e-ec7820a86b5c","first_name":"Aurore","last_name":"Lafont"},
{"id":"6ff58f92-7089-4e5c-8085-f8a2edb248fc","first_name":"Phedra","last_name":"Morden"},
{"id":"414c1d21-1ec5-48a5-bf7d-b1c46cca128b","first_name":"Michaelina","last_name":"Cyseley"},
{"id":"34033bcf-a570-4a2e-91ee-ad5138e3154a","first_name":"Calli","last_name":"Rozycki"},
{"id":"d0dfd812-81f2-4a41-b898-a04188b2fe96","first_name":"Vernor","last_name":"Sandeland"},
{"id":"8f7f944a-9c52-45a6-8192-0a64bf5245e4","first_name":"Morrie","last_name":"Mirfin"},
{"id":"6004bbb0-7e95-480d-a67c-5c9df2b896fa","first_name":"Danny","last_name":"Lighterness"},
{"id":"a50155e6-dd5a-48a2-a1be-38c97190c45d","first_name":"Emmalynn","last_name":"Jurek"},
{"id":"4e52640b-28e5-4440-8252-9c0aafaf3c8b","first_name":"Margaux","last_name":"Bramo"},
{"id":"a604851e-012b-46d3-855a-d005fa9e7fd0","first_name":"Heather","last_name":"Treagust"},
{"id":"794f9750-6521-42e0-979e-140c5bacb214","first_name":"De","last_name":"Perillio"},
{"id":"7fe1bf63-5df2-4988-9213-9739be70b079","first_name":"Kaiser","last_name":"Beagley"},
{"id":"29b94cea-3632-40d2-8474-8a6f68c70f89","first_name":"Agosto","last_name":"Betje"},
{"id":"e847285e-3cdc-4803-8646-fa0c14c831cb","first_name":"Mohammed","last_name":"Labrone"},
{"id":"ea9cd5b3-78c0-4e3a-929b-30e4d422a4f5","first_name":"Georgiana","last_name":"Voelker"},
{"id":"a4030623-cf79-4230-9efb-34a3f2a26a9e","first_name":"Kriste","last_name":"Conboy"},
{"id":"9ab335f1-eee6-4353-bdaf-2a12f1d89135","first_name":"Carena","last_name":"Lampett"},
{"id":"4d08a25f-ceed-4c52-91c9-0bc3da6ef506","first_name":"Elwin","last_name":"Tokell"},
{"id":"c7165e09-1d2a-4409-add2-42b42fff8fba","first_name":"Alanna","last_name":"Dowber"},
{"id":"8aab20c2-04fc-4dbd-8b9f-09d19be371fd","first_name":"Fidelia","last_name":"Dunnan"},
{"id":"41884444-7df5-4dd5-a642-a3544a741b19","first_name":"Torrence","last_name":"Ilyunin"},
{"id":"b957f305-2d93-4db1-bf1c-1237b307282d","first_name":"Ebenezer","last_name":"Caro"},
{"id":"171605d7-a6d6-475f-94c5-d613a182030c","first_name":"Hedvig","last_name":"Heinicke"},
{"id":"06c11576-2bc2-43fa-9254-a373c9e6b76b","first_name":"Goddart","last_name":"Solon"},
{"id":"f206811f-c102-4e6b-8f63-3645d6a7341d","first_name":"Marcelia","last_name":"Erwin"},
{"id":"dab1242a-1465-428b-8f2c-da310574c631","first_name":"Joy","last_name":"Verrill"},
{"id":"31550dfc-11f1-481e-842b-8d3d5d97b976","first_name":"Jolie","last_name":"Drage"},
{"id":"70ee9ebd-326a-43f0-a856-c237a26cba93","first_name":"Lemuel","last_name":"Stute"},
{"id":"0d309b4f-49c4-4301-a33d-3ff8bdaca199","first_name":"Bo","last_name":"Botger"},
{"id":"2c6c51d3-a833-443e-a7ff-fa951ffeec5d","first_name":"Ermina","last_name":"Terrans"},
{"id":"1e4f9b6c-8ebe-4c70-afc9-2792f87c39f1","first_name":"Tommi","last_name":"Meneghi"},
{"id":"5867ff60-2634-4d49-995b-c561e3ed9c51","first_name":"Fredra","last_name":"Jantot"},
{"id":"0c16f0b0-a430-4604-9f99-73aed2d44077","first_name":"Darcy","last_name":"Spare"},
{"id":"2b319311-de39-485b-a7d6-d480e864abdd","first_name":"Baillie","last_name":"Dibnah"},
{"id":"b1ef7efc-159c-482c-8bd3-b2d0c79c483a","first_name":"Fabio","last_name":"Dimitrie"},
{"id":"0de10e6a-e187-4ab2-8785-dead9014ce65","first_name":"Brunhilda","last_name":"Durman"},
{"id":"b8f89064-d57f-4e7e-bc42-1dd67b1a8379","first_name":"Biddie","last_name":"Petru"},
{"id":"1c6ca45d-61bc-4437-b0b0-dfd4f04719b7","first_name":"Alphonse","last_name":"Shevlane"},
{"id":"e4510bf2-67a2-434f-b398-22afd01bd6ee","first_name":"Mel","last_name":"Ibbs"},
{"id":"c258fa5d-0260-4342-828d-42bfdc10684d","first_name":"Teodoor","last_name":"Pottiphar"},
{"id":"2cc44eda-db7f-48f7-81e2-046ec6deca90","first_name":"Hayden","last_name":"Van Oort"},
{"id":"a070ca2e-3b2a-49a9-bc82-2f4401cf258a","first_name":"Nonah","last_name":"Marle"},
{"id":"d8962e3e-4852-42bb-9172-d972bc87548f","first_name":"Pen","last_name":"De Laspee"},
{"id":"261f5ef7-2903-483c-b31e-a363eebca9ad","first_name":"Tania","last_name":"Hasling"},
{"id":"2dd262d4-23d6-4cb7-aad4-7bed78b9eb3f","first_name":"Yasmeen","last_name":"Chaize"},
{"id":"80edfc99-9e5d-4c93-b3d4-39d3460ca918","first_name":"Tallie","last_name":"Maryin"},
{"id":"3217432c-5399-48fd-9197-4bd250fe6140","first_name":"Karel","last_name":"Salters"},
{"id":"33adca97-8051-45e7-98fe-efe8abdbf028","first_name":"Emmet","last_name":"Paolicchi"},
{"id":"ea1c7787-391a-4369-b35d-291ee9e16b5e","first_name":"Neille","last_name":"Ruggiero"},
{"id":"8912209c-b6a8-4358-b61a-84f4928a3d5b","first_name":"Malory","last_name":"Playfair"},
{"id":"8050e787-b68a-4a41-94bd-96330eb04610","first_name":"Bondie","last_name":"Roman"},
{"id":"e119899e-fba2-438a-9084-5e9d961d47f6","first_name":"Magnum","last_name":"Leedal"},
{"id":"eecf9946-a617-4b5a-a432-39af4f4a2d92","first_name":"Frederick","last_name":"Thomerson"},
{"id":"45dfe057-9417-4cf8-b1ee-5e11eb9b370b","first_name":"Camella","last_name":"Blanchard"},
{"id":"711b5b77-e6b0-4b13-9286-67b3c7912483","first_name":"Lorettalorna","last_name":"Varnam"},
{"id":"01f968cf-6216-46c1-b04c-530b0e1cb8c0","first_name":"Pamelina","last_name":"Pescott"},
{"id":"388b6d51-de09-4213-843b-cea7b7ccdec9","first_name":"Horace","last_name":"Syncke"},
{"id":"04c3e8cd-aacf-4042-8ad8-bb217233363c","first_name":"Abbe","last_name":"Ugoni"},
{"id":"28c1ee92-ce36-48b0-9a0c-e2e6f97092be","first_name":"Martainn","last_name":"Angelini"},
{"id":"36908f17-3373-4a0e-ab71-6e5228fde462","first_name":"Sibyl","last_name":"Bunch"},
{"id":"0adc24d4-c4b3-4836-bad4-be34c0854fd5","first_name":"Julieta","last_name":"Beaves"},
{"id":"1856aa52-3444-4a5f-b5b1-0fe5a1733a6a","first_name":"Christy","last_name":"Kienlein"},
{"id":"851d4969-4ca4-4eab-9963-647cf9267e38","first_name":"Maye","last_name":"Bogays"},
{"id":"af8bbea1-77f5-496e-a429-a79445d937c2","first_name":"Pauly","last_name":"Rosier"},
{"id":"5149a73a-fa59-4353-a547-5d5a7bcc2625","first_name":"Marilin","last_name":"Airy"},
{"id":"dcf8ac92-1f9f-48f6-b07b-6fbcce667065","first_name":"Allyn","last_name":"Bendix"},
{"id":"f9156ddc-c40c-4f3f-82c8-7b4e21c4a668","first_name":"Lesli","last_name":"Kenrat"},
{"id":"ba04e46f-0d04-41cd-818b-39987a26eb63","first_name":"Oriana","last_name":"Polye"},
{"id":"b9efb5d2-4706-4229-a140-21c20057d01a","first_name":"Noami","last_name":"Gunning"},
{"id":"139389fe-d0bb-4590-8392-427583c99f57","first_name":"Rollins","last_name":"Mighele"},
{"id":"56dcbd54-cecf-4cd9-a2ab-9309cf1dadc7","first_name":"Rhonda","last_name":"Dearman"},
{"id":"437b9e28-89bb-4381-aeee-3b0c6922ca51","first_name":"Hurleigh","last_name":"Kordova"},
{"id":"96005cda-24ea-4611-b5a8-e30ebbc5f435","first_name":"Linn","last_name":"Western"},
{"id":"d1158233-6c11-4191-8768-2e097ee77698","first_name":"Dietrich","last_name":"Ashurst"},
{"id":"5130f5c8-0670-49de-b13d-c144ab89fee0","first_name":"Emyle","last_name":"Brogioni"},
{"id":"83ecff24-70dd-40d0-93d4-7ddc29cc9c20","first_name":"Robers","last_name":"Glazier"},
{"id":"51a2b86c-d2c3-41a4-88bd-1a32f54c0573","first_name":"Jereme","last_name":"Llewhellin"},
{"id":"c92c498a-330a-4ad9-96b7-5d0531cd628e","first_name":"Antons","last_name":"Coursor"},
{"id":"4e1ddab2-4ec5-4b6a-87c9-782de28756e2","first_name":"Clarke","last_name":"Pinches"},
{"id":"9e968444-f55f-40e7-973f-e6e0d890cd53","first_name":"Jordanna","last_name":"Christall"},
{"id":"e81a4d85-e519-4eca-8c15-835efe5f4411","first_name":"Cory","last_name":"Fraser"},
{"id":"e07af056-394d-4fa8-a22e-3d02dc76efb9","first_name":"Deni","last_name":"Fanshaw"},
{"id":"d60c347a-16f8-4d93-8af4-9a917582cc50","first_name":"Lesya","last_name":"Licciardiello"},
{"id":"29f1d9df-0459-4111-9f4c-fe6f55608151","first_name":"Hadleigh","last_name":"Bawdon"},
{"id":"c73e86a8-7828-49a4-a466-db7f6d327c65","first_name":"Merilyn","last_name":"Lambourn"},
{"id":"ec10251e-9966-48f1-841f-00e784c5c0bc","first_name":"Merell","last_name":"Gauthorpp"},
{"id":"4201f5a6-67f2-43d0-83d3-317440ed1d0a","first_name":"Juliet","last_name":"Antos"},
{"id":"c59a71ad-4fd2-4e97-9ea8-89157a89b145","first_name":"Kareem","last_name":"Lacer"},
{"id":"b55e6de3-4f69-41ed-9508-b2e807ded81c","first_name":"Addie","last_name":"O'Dowgaine"},
{"id":"b6a8d779-9e83-491b-b655-b2c8a69ab9ff","first_name":"Clea","last_name":"Lusher"},
{"id":"b1e7f944-643f-4e83-9bbd-0e970abd0a3a","first_name":"Tessie","last_name":"Roggieri"},
{"id":"79a000d4-4049-4dc0-b3a0-8eab152fc9d1","first_name":"Jenny","last_name":"Flecknoe"},
{"id":"c5f00f27-da4e-485a-88ee-14cff891445a","first_name":"Inesita","last_name":"Bales"},
{"id":"73981dec-29fa-43d8-8d6f-3258f92471b5","first_name":"Christalle","last_name":"Huot"},
{"id":"eeff477f-4061-4741-89d8-31f3d41cd779","first_name":"Jinny","last_name":"Georgeon"},
{"id":"748c652e-9eec-433b-ae46-ba2a03cfefaf","first_name":"Rafaelita","last_name":"Sloy"},
{"id":"d0c4098c-f627-4678-8439-59bb9e7fcf63","first_name":"Bartholemy","last_name":"Hazard"},
{"id":"1b05690e-c949-4524-8c30-c20cd50c075a","first_name":"Nananne","last_name":"Van Castele"},
{"id":"151a149b-8788-4eca-b4d2-c7d5cd410d67","first_name":"Debi","last_name":"Vidloc"},
{"id":"a755f340-6b5c-40e8-ae21-e48d8901296f","first_name":"Viviana","last_name":"Cokly"},
{"id":"9c06228b-7f93-4bb0-a89c-1da293227433","first_name":"Ferdinand","last_name":"Herety"},
{"id":"af9727e6-fa24-4cf8-8790-1e72b8c1bf21","first_name":"Gibby","last_name":"Nanni"},
{"id":"a9b8844b-a9f4-41bd-803e-40a6111eee4d","first_name":"Archibaldo","last_name":"Reside"},
{"id":"4b225981-ffd1-413a-b86d-4d4a8f24162c","first_name":"Welsh","last_name":"Riatt"},
{"id":"0c173e38-48a4-4d1e-87ee-53e3afe24e85","first_name":"Dynah","last_name":"Yezafovich"},
{"id":"119c3169-a93b-400d-84ea-3964f4ffbf8c","first_name":"Melisa","last_name":"Petrolli"},
{"id":"747d53e7-aca8-4f38-9930-dcae79101802","first_name":"Lorry","last_name":"Kneesha"},
{"id":"f6f1d5ef-3944-4f4f-b833-c77370c3b6b2","first_name":"Malissia","last_name":"Durdle"},
{"id":"607f6707-2096-40c2-9e59-33067c55417d","first_name":"Andris","last_name":"Pfeffer"},
{"id":"cde3f8ff-391d-4a55-8b47-c8eba81c7b64","first_name":"Viv","last_name":"Tofanelli"},
{"id":"c6c8d966-830f-4085-916e-215eca55b500","first_name":"Georgeanne","last_name":"Claessens"},
{"id":"e9cb30e4-6dbe-479d-8e27-c90af323fdf9","first_name":"Archibald","last_name":"Crunkhurn"},
{"id":"5392897a-c389-4dfc-ae89-9687e89acc41","first_name":"Odessa","last_name":"Castiglione"},
{"id":"4f935c22-24ca-4a46-976b-d7336c4f1472","first_name":"Alec","last_name":"Wittrington"}]