[{"id":"141bb5b6-e4c8-4c91-afff-664b653b49da","timesheet":[{"hours":9},{"hours":8},{"hours":11},{"hours":9},{"hours":9}]},
{"id":"ec9f68b4-2dea-4200-a02e-24cb679efecd","timesheet":[{"hours":12},{"hours":5}]},
{"id":"47e5a258-339c-4e27-8511-1a617286481d","timesheet":[{"hours":7},{"hours":10},{"hours":8},{"hours":4}]},
{"id":"305e29b7-820e-4e70-8978-78bc7e56287e","timesheet":[{"hours":6},{"hours":4},{"hours":6}]},
{"id":"d7f7c072-109f-45c9-b8fa-202a7fed9542","timesheet":[{"hours":4},{"hours":4}]},
{"id":"bee79224-950a-4cb4-9af2-0c5ed4efab6a","timesheet":[{"hours":4},{"hours":9},{"hours":9},{"hours":6},{"hours":11},{"hours":10},{"hours":6}]},
{"id":"b70d2df3-38ce-4d99-94a5-1225b18bf474","timesheet":[{"hours":10},{"hours":8}]},
{"id":"f36d73ce-622b-4bda-9685-28bb54ede63f","timesheet":[{"hours":4},{"hours":10},{"hours":5}]},
{"id":"d244ab68-646b-48e2-a76c-816332b850ad","timesheet":[{"hours":11},{"hours":4},{"hours":5},{"hours":9},{"hours":12},{"hours":10},{"hours":10}]},
{"id":"8b513252-a1cb-4a05-9dac-51913a7fda59","timesheet":[{"hours":11},{"hours":9},{"hours":11},{"hours":4},{"hours":5}]},
{"id":"9216eb1e-c397-40e0-b676-373604cc0a4f","timesheet":[{"hours":10},{"hours":5},{"hours":11},{"hours":11},{"hours":11},{"hours":10},{"hours":6}]},
{"id":"f4468a41-6b80-48ea-bdb0-27af1eec31e8","timesheet":[{"hours":9},{"hours":12},{"hours":5},{"hours":7},{"hours":8}]},
{"id":"f725b9f3-5dce-48a7-84ea-f82b34ac7ca2","timesheet":[{"hours":6},{"hours":4},{"hours":9},{"hours":4},{"hours":8}]},
{"id":"4803ef4b-c2b2-41a2-8d2b-e8eef28dae02","timesheet":[{"hours":5},{"hours":8},{"hours":4}]},
{"id":"16f01c14-d0bb-47ce-af93-47f82403a169","timesheet":[{"hours":6},{"hours":8},{"hours":7},{"hours":10},{"hours":8},{"hours":10}]},
{"id":"0204c725-d72f-4880-a465-5e6f7cfc0e2b","timesheet":[{"hours":8},{"hours":12},{"hours":7},{"hours":7},{"hours":4}]},
{"id":"f86c3969-bacc-4301-9c2f-b601dbd281e5","timesheet":[{"hours":7},{"hours":7},{"hours":11}]},
{"id":"4ce0193c-8972-4718-a38c-f69837886537","timesheet":[{"hours":10},{"hours":11},{"hours":7},{"hours":6},{"hours":9},{"hours":7},{"hours":11}]},
{"id":"0eaadb05-f688-403b-8c9c-135ec72e62fd","timesheet":[{"hours":9}]},
{"id":"5b4fc9ec-bf1f-4cd3-9f37-411e4b692d45","timesheet":[{"hours":7},{"hours":11},{"hours":11},{"hours":9}]},
{"id":"8b635247-2707-44e9-8d35-2df3adef1d6d","timesheet":[{"hours":7}]},
{"id":"266b9fe5-3b15-466e-971a-7ceb445819c3","timesheet":[{"hours":12},{"hours":12},{"hours":4},{"hours":9}]},
{"id":"8db24881-e054-48bd-a19f-e92b6c6f2b85","timesheet":[{"hours":4},{"hours":6},{"hours":8},{"hours":5},{"hours":12}]},
{"id":"b3af0e1f-14ec-4c03-bb88-4b62fc67d192","timesheet":[{"hours":5},{"hours":10},{"hours":6},{"hours":12},{"hours":4}]},
{"id":"87092a64-69c0-45aa-b393-c2c3b8643034","timesheet":[{"hours":4},{"hours":10},{"hours":11},{"hours":10},{"hours":8},{"hours":5},{"hours":11}]},
{"id":"10041427-62c7-4417-babb-54107da5f25d","timesheet":[{"hours":9},{"hours":12}]},
{"id":"03537624-3572-4648-b4ac-9b07ed40966b","timesheet":[{"hours":8},{"hours":5},{"hours":4},{"hours":9}]},
{"id":"77fef211-08e9-4169-842b-4aa4ec6530c2","timesheet":[{"hours":10},{"hours":4},{"hours":6}]},
{"id":"e94c466d-2371-4196-a2d4-d2aef31ffbd0","timesheet":[{"hours":7},{"hours":11}]},
{"id":"8af39420-2525-4f76-ae6c-61787feebfb9","timesheet":[{"hours":12},{"hours":4},{"hours":7}]},
{"id":"222b6ae1-2123-4bad-b25c-f15e73efff28","timesheet":[{"hours":9},{"hours":11},{"hours":12}]},
{"id":"b36f9a7a-9ddb-44bd-af04-3272997e7d45","timesheet":[{"hours":10}]},
{"id":"30110c45-fdff-42b2-8321-2800299d9da9","timesheet":[{"hours":9},{"hours":11},{"hours":10},{"hours":10},{"hours":9},{"hours":5}]},
{"id":"73acd5ad-69c6-450b-aefe-92327432a5d5","timesheet":[{"hours":4},{"hours":10},{"hours":10},{"hours":8},{"hours":12},{"hours":7}]},
{"id":"46461ac1-c4a0-4874-844c-37168209149b","timesheet":[{"hours":9},{"hours":12},{"hours":6},{"hours":5},{"hours":10},{"hours":9}]},
{"id":"6b8fa324-5ad0-4016-9018-707ab23c49b3","timesheet":[{"hours":9},{"hours":11},{"hours":7},{"hours":9},{"hours":11},{"hours":11}]},
{"id":"37ecacbd-e18f-47e6-952b-ec2fa2c64e18","timesheet":[{"hours":6}]},
{"id":"187e0bc7-debc-4ba6-99dd-734afe828202","timesheet":[{"hours":4},{"hours":11},{"hours":12},{"hours":9},{"hours":12},{"hours":11}]},
{"id":"cf41f9ae-5a6e-4d56-b710-bcf26a8f0c35","timesheet":[{"hours":10},{"hours":8}]},
{"id":"49d0c2d1-620c-4398-aefa-a27ed4d31069","timesheet":[{"hours":4},{"hours":11}]},
{"id":"b197696a-acae-4829-8af1-bcb417ec0535","timesheet":[{"hours":6},{"hours":7},{"hours":5},{"hours":5}]},
{"id":"08deab19-1f24-4ba2-b6c1-94cb46491d58","timesheet":[{"hours":12}]},
{"id":"a3ae0c5e-4ee9-4dd7-a71f-999f14eb36b8","timesheet":[{"hours":7},{"hours":5},{"hours":6},{"hours":7},{"hours":7},{"hours":11},{"hours":9}]},
{"id":"0342b510-9726-4cc8-9b11-65eb37a3ca9f","timesheet":[{"hours":8}]},
{"id":"0611d771-62c9-48cb-97e9-0b0fc583a097","timesheet":[{"hours":4},{"hours":4},{"hours":12},{"hours":4},{"hours":9}]},
{"id":"6e6cf273-2979-4104-b2b9-8b146f4d809d","timesheet":[{"hours":6},{"hours":10}]},
{"id":"ab8a80a6-214e-4593-a2ca-f49ec0442a81","timesheet":[{"hours":5},{"hours":10},{"hours":5},{"hours":4},{"hours":9},{"hours":9}]},
{"id":"1db7ae15-d301-40c3-b6fd-c81a0e440e37","timesheet":[{"hours":12},{"hours":10},{"hours":6},{"hours":6}]},
{"id":"87fa3a81-13e0-42bf-b7a1-94f075ea0f74","timesheet":[{"hours":7},{"hours":12},{"hours":12},{"hours":4},{"hours":10},{"hours":10}]},
{"id":"0257240f-7eb4-4e60-9c11-c81723d96dd6","timesheet":[{"hours":12},{"hours":9},{"hours":6}]},
{"id":"84c3d0f3-d87d-4796-b151-04d294608aa6","timesheet":[{"hours":8},{"hours":10},{"hours":6}]},
{"id":"343e7c11-3aa3-4a7d-8b14-3f07f40c6091","timesheet":[{"hours":4},{"hours":4},{"hours":6}]},
{"id":"0f8cf6ed-e0f5-4ab1-a19a-5e63646486b0","timesheet":[{"hours":12},{"hours":11},{"hours":10},{"hours":8}]},
{"id":"bd98825e-7005-4453-96eb-ba62c0876126","timesheet":[{"hours":10},{"hours":7},{"hours":10},{"hours":4},{"hours":9}]},
{"id":"d4c898a1-f72b-44a5-bc89-897d590518a7","timesheet":[{"hours":10},{"hours":12},{"hours":6},{"hours":10},{"hours":10},{"hours":11},{"hours":4}]},
{"id":"de171791-17aa-47f9-bdb6-b203932a08a5","timesheet":[{"hours":4},{"hours":8},{"hours":12}]},
{"id":"7263c940-731b-42c2-a3d5-5c2506caaaca","timesheet":[{"hours":11},{"hours":12},{"hours":9},{"hours":9},{"hours":11},{"hours":8},{"hours":10}]},
{"id":"842b4250-709c-436b-ae6c-f77d09adba3e","timesheet":[{"hours":9},{"hours":8},{"hours":9},{"hours":8},{"hours":4},{"hours":9},{"hours":7}]},
{"id":"39710f3d-db6c-4707-ab68-3e21a911c13e","timesheet":[{"hours":7},{"hours":6},{"hours":8},{"hours":9},{"hours":6},{"hours":8}]},
{"id":"dd64e23e-437a-44be-b8c2-1e99b8334de6","timesheet":[{"hours":11},{"hours":5},{"hours":12},{"hours":9},{"hours":12}]},
{"id":"bb4caf43-f6d0-4a2c-b5ce-0d35167e0055","timesheet":[{"hours":5},{"hours":12},{"hours":7},{"hours":12},{"hours":5},{"hours":8}]},
{"id":"62ef1bdf-de72-4bd9-b46d-9318a012560c","timesheet":[{"hours":8},{"hours":7},{"hours":4},{"hours":4}]},
{"id":"a3ffa257-7125-4f94-96b7-eea638c900e0","timesheet":[{"hours":8},{"hours":4}]},
{"id":"a2f1f417-afd9-4abc-8f5a-dbb742f6f7fe","timesheet":[{"hours":7}]},
{"id":"5dc035db-09e7-47a9-a173-02855bae2a3e","timesheet":[{"hours":8},{"hours":10}]},
{"id":"adbacfc8-7a1b-4277-86c8-e4cb5a44495a","timesheet":[{"hours":6},{"hours":12}]},
{"id":"6f2f4c16-90d0-4e8e-80f1-33bfbd77d441","timesheet":[{"hours":5},{"hours":8},{"hours":9},{"hours":8},{"hours":7},{"hours":4},{"hours":8}]},
{"id":"a881f9b0-9d9c-4ddf-8a7a-9240200e2faa","timesheet":[{"hours":8},{"hours":10},{"hours":8},{"hours":12},{"hours":9},{"hours":12},{"hours":6}]},
{"id":"80ce130c-d48d-4644-9fdd-cfa13510bc26","timesheet":[{"hours":10},{"hours":10},{"hours":9},{"hours":5},{"hours":7},{"hours":4}]},
{"id":"3a9e4c8e-5168-4aa3-89ea-4a4313c8edd3","timesheet":[{"hours":7},{"hours":11}]},
{"id":"6dc0e379-de8f-4828-bef9-4635a64f6499","timesheet":[{"hours":8},{"hours":12},{"hours":9},{"hours":10},{"hours":8},{"hours":10},{"hours":12}]},
{"id":"5f685fc7-bf98-4bcd-b76f-b93bcc3a819e","timesheet":[{"hours":12},{"hours":4},{"hours":9},{"hours":9}]},
{"id":"2ee1ec45-9a54-4ec8-a764-839d75cd513b","timesheet":[{"hours":11}]},
{"id":"891449ed-843b-4bd2-992c-4f525320e9ef","timesheet":[{"hours":9},{"hours":10},{"hours":10},{"hours":11},{"hours":9},{"hours":6}]},
{"id":"f19dd160-4d27-472b-a9b1-b72afa177567","timesheet":[{"hours":10},{"hours":9},{"hours":12}]},
{"id":"238adc96-c80c-4b10-aa83-c6ff6bde08fe","timesheet":[{"hours":7},{"hours":12},{"hours":7},{"hours":5},{"hours":7},{"hours":11}]},
{"id":"e4f471a7-8292-4973-90aa-623494d99827","timesheet":[{"hours":5},{"hours":11},{"hours":7},{"hours":8}]},
{"id":"b271d3d5-58e0-4cef-ba68-fe864c39b03f","timesheet":[{"hours":6},{"hours":8},{"hours":11}]},
{"id":"a46373fe-1270-4014-856e-ffb28e334b61","timesheet":[{"hours":9},{"hours":9},{"hours":12},{"hours":10},{"hours":8},{"hours":4}]},
{"id":"78b0e5c8-027e-44b6-9743-b01bfff1db77","timesheet":[{"hours":12},{"hours":12},{"hours":9},{"hours":11},{"hours":11},{"hours":9},{"hours":6}]},
{"id":"ea48c0e2-b562-4857-baa5-4ad001a5dade","timesheet":[{"hours":8},{"hours":12}]},
{"id":"5a98e479-50cc-47d8-8dfb-664d8204add3","timesheet":[{"hours":8},{"hours":5},{"hours":12},{"hours":7},{"hours":12},{"hours":7}]},
{"id":"0cfb8764-9449-42f1-bbd0-826ac5607799","timesheet":[{"hours":10},{"hours":7},{"hours":7},{"hours":8}]},
{"id":"a662734b-530d-4a26-a695-32b6f1b59334","timesheet":[{"hours":11}]},
{"id":"3cf95d41-afbc-4442-84a9-2d890795760c","timesheet":[{"hours":4},{"hours":4},{"hours":12}]},
{"id":"7af76640-5075-4ffd-9d5e-2d4e39f5187c","timesheet":[{"hours":10}]},
{"id":"9bd71519-6ece-4caa-838c-4ae58d75b49e","timesheet":[{"hours":6},{"hours":9},{"hours":5},{"hours":6}]},
{"id":"e7d3c091-ef21-4acc-8f98-1be44643d477","timesheet":[{"hours":6}]},
{"id":"7a8840d1-a233-427f-87f3-22ea94e7e8ab","timesheet":[{"hours":9}]},
{"id":"20b89029-fd71-4f78-a788-b3ee01e30a53","timesheet":[{"hours":11},{"hours":12}]},
{"id":"f74ca1f7-912e-4432-954f-30ca2ae84a3d","timesheet":[{"hours":11},{"hours":9},{"hours":5},{"hours":10},{"hours":4},{"hours":4}]},
{"id":"2dcad753-9184-4ca9-9173-00fb39932505","timesheet":[{"hours":6},{"hours":9},{"hours":12}]},
{"id":"b2b6535d-94ea-422d-a786-78074f793943","timesheet":[{"hours":9}]},
{"id":"18636bf5-11f6-48ac-a9cc-9b84edfdd327","timesheet":[{"hours":6},{"hours":4},{"hours":7},{"hours":12},{"hours":5},{"hours":7},{"hours":11}]},
{"id":"aafd84ad-6dd5-445c-9ddb-ce9ab626038d","timesheet":[{"hours":7},{"hours":9},{"hours":4},{"hours":9},{"hours":6}]},
{"id":"7f043a99-1271-46f6-bea8-20e43519e5f6","timesheet":[{"hours":11},{"hours":7},{"hours":11},{"hours":5}]},
{"id":"b42e69dc-a2a1-4b17-aa82-5d071f58a63f","timesheet":[{"hours":4},{"hours":10},{"hours":11},{"hours":12},{"hours":11}]},
{"id":"f8acb8fd-0c06-4735-8d5c-434a3e19edf2","timesheet":[{"hours":7}]},
{"id":"bef295ac-aaa5-4e84-9d96-9e9b928d38b2","timesheet":[{"hours":10},{"hours":9},{"hours":7}]},
{"id":"8f02200a-ec7e-42b0-8a6d-8839cf023be0","timesheet":[{"hours":10},{"hours":9},{"hours":10},{"hours":8}]},
{"id":"11dfb43a-e49f-4e67-b420-75eef54e48df","timesheet":[{"hours":10},{"hours":12},{"hours":4},{"hours":9},{"hours":7},{"hours":8},{"hours":12}]},
{"id":"b6482375-a9b1-4054-a1c5-754e451a9e62","timesheet":[{"hours":10}]},
{"id":"0a599a03-5caa-442b-b227-17cc8fd50f81","timesheet":[{"hours":8}]},
{"id":"ccad4dac-939b-4de8-aa51-1fd170557e3c","timesheet":[{"hours":4},{"hours":4},{"hours":7},{"hours":4}]},
{"id":"8199dbea-6501-46ba-9144-ea57117eaf29","timesheet":[{"hours":10},{"hours":9},{"hours":6},{"hours":5},{"hours":6},{"hours":6}]},
{"id":"09cdce59-d407-4821-8288-3ec4a7dbfe63","timesheet":[{"hours":12},{"hours":11}]},
{"id":"c07b78d0-8e26-4642-8d7a-41a9935cd3f1","timesheet":[{"hours":5},{"hours":4},{"hours":8},{"hours":7},{"hours":10},{"hours":10},{"hours":4}]},
{"id":"746aa57a-e818-4d77-8854-cd8c09ca6746","timesheet":[{"hours":9},{"hours":4},{"hours":11},{"hours":12},{"hours":4},{"hours":10}]},
{"id":"765470d8-6143-4534-ba08-4aa1f678bffd","timesheet":[{"hours":12},{"hours":7},{"hours":5},{"hours":11},{"hours":5},{"hours":7}]},
{"id":"1e929600-dbe6-45f4-a547-5b131d2a7808","timesheet":[{"hours":6},{"hours":7},{"hours":5},{"hours":12},{"hours":7},{"hours":9}]},
{"id":"dc7e2de2-2236-4be7-af14-1194063f0e61","timesheet":[{"hours":12},{"hours":5},{"hours":7},{"hours":7},{"hours":9},{"hours":6},{"hours":9}]},
{"id":"0a48d15f-e5e4-4b50-ba49-1012eb132cbb","timesheet":[{"hours":9},{"hours":11},{"hours":7},{"hours":10},{"hours":12},{"hours":12},{"hours":7}]},
{"id":"96f214f9-e4f7-492e-aec3-2d88644838be","timesheet":[{"hours":9},{"hours":12},{"hours":5}]},
{"id":"97d3ca37-0eb7-427b-96fd-101db65af105","timesheet":[{"hours":8},{"hours":9},{"hours":8},{"hours":6},{"hours":8},{"hours":7},{"hours":9}]},
{"id":"2379da63-20ec-4b06-9928-a351005b5937","timesheet":[{"hours":12}]},
{"id":"a1cb5944-bc05-4f1f-9273-f00bb00d2d70","timesheet":[{"hours":5},{"hours":7},{"hours":6},{"hours":9},{"hours":5},{"hours":4}]},
{"id":"672403f9-a270-4bd5-9b87-adbb16d51ab5","timesheet":[{"hours":10},{"hours":12}]},
{"id":"a58e3674-8811-48eb-a90b-8c1ff89ff2b8","timesheet":[{"hours":4},{"hours":12}]},
{"id":"3e32f6f4-fa9e-441c-8877-d60863131449","timesheet":[{"hours":12},{"hours":9},{"hours":5},{"hours":11},{"hours":10},{"hours":6}]},
{"id":"ef6a57e7-8b94-4e58-aa6f-cf4602a014d8","timesheet":[{"hours":5},{"hours":9},{"hours":4},{"hours":9},{"hours":4},{"hours":5}]},
{"id":"e9388a08-d4d4-4865-81fd-2b834e0c29e2","timesheet":[{"hours":4},{"hours":7},{"hours":10},{"hours":11},{"hours":9}]},
{"id":"c383a955-1172-4727-80cd-cf6dbe9f4451","timesheet":[{"hours":12}]},
{"id":"c78745a6-4b97-4b9e-861f-80d1b9b6561a","timesheet":[{"hours":7},{"hours":11},{"hours":10},{"hours":12},{"hours":4}]},
{"id":"65b92e1f-a7a0-4876-9cbb-43be88916cd5","timesheet":[{"hours":11},{"hours":9}]},
{"id":"166815a3-b59e-4cb1-927c-52e807d4e748","timesheet":[{"hours":4},{"hours":4},{"hours":8},{"hours":12},{"hours":10},{"hours":11}]},
{"id":"ad6100e3-fedd-47ba-ae11-b22966d8bd0d","timesheet":[{"hours":6}]},
{"id":"ff39c38c-1ef4-49c2-99f5-6dcd925f2eb3","timesheet":[{"hours":5},{"hours":12},{"hours":6},{"hours":8},{"hours":6},{"hours":11}]},
{"id":"32ec3997-d3b8-456a-8fbd-99c95e810662","timesheet":[{"hours":5},{"hours":12},{"hours":9},{"hours":11},{"hours":8},{"hours":4},{"hours":10}]},
{"id":"50dcda6b-496e-44ed-82dd-f27f06be2989","timesheet":[{"hours":6},{"hours":4}]},
{"id":"64a3f187-fa09-4f67-ba5e-9f9e444065c8","timesheet":[{"hours":9},{"hours":4},{"hours":5},{"hours":4},{"hours":11},{"hours":5}]},
{"id":"5bb6dca0-dea2-4dd9-9f2f-2a32f0e419f1","timesheet":[{"hours":8},{"hours":12},{"hours":5},{"hours":10},{"hours":6},{"hours":7}]},
{"id":"637f8766-2cf0-4e24-9c43-9e875ea2021e","timesheet":[{"hours":11},{"hours":11},{"hours":12},{"hours":12},{"hours":12},{"hours":8}]},
{"id":"fb97e6e9-b4ba-4393-a10e-0103b1521bf9","timesheet":[{"hours":12},{"hours":5},{"hours":12},{"hours":5},{"hours":11},{"hours":6}]},
{"id":"7b0e133b-1850-4bd7-864c-cb383129ffe6","timesheet":[{"hours":10},{"hours":8},{"hours":4},{"hours":5},{"hours":4},{"hours":4}]},
{"id":"962ad98a-6763-4978-853a-03b3c6c6b5de","timesheet":[{"hours":11},{"hours":4},{"hours":8}]},
{"id":"54134cd4-a9ef-4f2e-8e74-33ff588e12d8","timesheet":[{"hours":5},{"hours":8},{"hours":11},{"hours":10},{"hours":5},{"hours":12}]},
{"id":"2c639fbe-ef4e-4778-b31c-d94af9885b24","timesheet":[{"hours":5},{"hours":4},{"hours":8},{"hours":5},{"hours":9}]},
{"id":"e1030c99-ddab-4c4d-bd8a-0178ab907391","timesheet":[{"hours":4},{"hours":10},{"hours":10}]},
{"id":"f6fa442d-9f43-4270-912b-eb19512c86c0","timesheet":[{"hours":4},{"hours":7},{"hours":8},{"hours":7},{"hours":9},{"hours":6},{"hours":11}]},
{"id":"90b6f49b-7159-4c03-bde6-9737fdf60a8b","timesheet":[{"hours":6},{"hours":7},{"hours":5},{"hours":7},{"hours":11},{"hours":7},{"hours":5}]},
{"id":"f90986d2-35ea-445c-a95a-8ba22d8ac2ac","timesheet":[{"hours":9},{"hours":7},{"hours":8}]},
{"id":"0b1e11ef-a768-4b49-813a-a35b862daceb","timesheet":[{"hours":9},{"hours":5}]},
{"id":"e461e29b-10c1-48c2-802b-acd9b66eab24","timesheet":[{"hours":9},{"hours":8},{"hours":7},{"hours":9},{"hours":8},{"hours":9}]},
{"id":"ac92087d-b980-410d-95be-86f649b1859e","timesheet":[{"hours":11},{"hours":9},{"hours":8},{"hours":10},{"hours":10},{"hours":10}]},
{"id":"a886b170-e319-476d-9494-a07d3f78b500","timesheet":[{"hours":11},{"hours":7},{"hours":11},{"hours":8},{"hours":8},{"hours":5},{"hours":5}]},
{"id":"ca164001-9e66-4e53-b832-bd77ebb4d94f","timesheet":[{"hours":7}]},
{"id":"769db2c1-549c-4b0c-a3d7-b2401ac92310","timesheet":[{"hours":6},{"hours":11},{"hours":11},{"hours":5},{"hours":7},{"hours":8}]},
{"id":"dded8869-718e-4ad9-987e-94c564e4c731","timesheet":[{"hours":8},{"hours":8},{"hours":11}]},
{"id":"58758a42-eab2-4808-a362-c9854b3ed65c","timesheet":[{"hours":7},{"hours":9},{"hours":10},{"hours":12}]},
{"id":"fa045083-4975-4cbe-8f97-fc7533f96c05","timesheet":[{"hours":7},{"hours":7},{"hours":5},{"hours":11},{"hours":5},{"hours":11},{"hours":6}]},
{"id":"9d45b4e4-876a-48b0-b666-455eaed8bd61","timesheet":[{"hours":6}]},
{"id":"bf8d2ec9-833d-4710-bfca-36a584878440","timesheet":[{"hours":11},{"hours":6}]},
{"id":"30204286-185b-40c0-910c-4975523cadab","timesheet":[{"hours":9},{"hours":4},{"hours":8},{"hours":5},{"hours":6},{"hours":9},{"hours":10}]},
{"id":"733a4040-70fe-4542-b32d-fbd244c84d58","timesheet":[{"hours":12},{"hours":6},{"hours":6},{"hours":11},{"hours":11},{"hours":9}]},
{"id":"8e52475e-d13d-4027-968c-1f2e80082435","timesheet":[{"hours":6},{"hours":11},{"hours":9},{"hours":5}]},
{"id":"11c32236-c19d-4278-bc8f-cc1a9efb2e8a","timesheet":[{"hours":5},{"hours":8},{"hours":12},{"hours":8},{"hours":12},{"hours":11},{"hours":6}]},
{"id":"408ea364-9d1e-4111-a96b-faec8320fe36","timesheet":[{"hours":5}]},
{"id":"17ff21c2-7d4b-4744-8e2b-fefbf6718716","timesheet":[{"hours":6},{"hours":4},{"hours":6},{"hours":4},{"hours":8}]},
{"id":"75d52437-b7df-4788-9d21-12597e8a1dad","timesheet":[{"hours":10},{"hours":12},{"hours":12},{"hours":4},{"hours":9},{"hours":12}]},
{"id":"29a26e4f-cabe-447a-aa28-be67b072e999","timesheet":[{"hours":10},{"hours":4},{"hours":6},{"hours":10},{"hours":10},{"hours":4},{"hours":4}]},
{"id":"d40a19ba-67c3-4460-9e39-8d69be5d27b6","timesheet":[{"hours":7}]},
{"id":"874e2ab1-6660-46d7-9932-79fecbd66ff0","timesheet":[{"hours":7},{"hours":7},{"hours":5},{"hours":9},{"hours":11},{"hours":6},{"hours":11}]},
{"id":"b268c7a8-47ed-447a-93a3-56689af73b54","timesheet":[{"hours":8},{"hours":11},{"hours":7},{"hours":8}]},
{"id":"1d9d1900-7435-4dcd-918b-06feed31d7ba","timesheet":[{"hours":10},{"hours":7}]},
{"id":"9b2b3e65-92c9-4de3-98fe-ef24a15373ae","timesheet":[{"hours":4},{"hours":5},{"hours":12},{"hours":5}]},
{"id":"9aefc75b-10d2-4d0e-ae56-0e5759b8d9db","timesheet":[{"hours":12},{"hours":10},{"hours":5},{"hours":7},{"hours":6},{"hours":11}]},
{"id":"eeafe587-fd1d-40c3-905c-d691290bffc8","timesheet":[{"hours":12},{"hours":5}]},
{"id":"94a4c870-3861-4301-9c83-6c6cb239880d","timesheet":[{"hours":10},{"hours":12},{"hours":5},{"hours":9},{"hours":4}]},
{"id":"f869b08b-fb39-423c-bca4-cc18f02171a1","timesheet":[{"hours":6},{"hours":5},{"hours":6}]},
{"id":"7f7c8eb7-715e-4e09-bb13-5323dc100a30","timesheet":[{"hours":7},{"hours":4},{"hours":8}]},
{"id":"55aa5f53-9732-4309-88ef-9abcdd47e033","timesheet":[{"hours":12}]},
{"id":"9e95585c-a947-40b9-b5df-3ce92bbbe103","timesheet":[{"hours":4},{"hours":5},{"hours":12},{"hours":8},{"hours":12},{"hours":9},{"hours":8}]},
{"id":"0ea30a14-94c7-4c6a-87df-8878536bf631","timesheet":[{"hours":7},{"hours":11}]},
{"id":"9bfcd5e8-0c72-4a49-a641-c7fe155db7e0","timesheet":[{"hours":12},{"hours":6},{"hours":7},{"hours":4},{"hours":7},{"hours":4},{"hours":12}]},
{"id":"e0a5938c-9430-4c49-9861-246ed86e42e6","timesheet":[{"hours":5},{"hours":5},{"hours":5},{"hours":8},{"hours":4},{"hours":5}]},
{"id":"3f85be5d-b2c3-41cc-9224-c1b6d93fa39b","timesheet":[{"hours":4},{"hours":6},{"hours":10},{"hours":6},{"hours":9},{"hours":10},{"hours":12}]},
{"id":"069f4a6b-e852-4898-a967-bea1256a498e","timesheet":[{"hours":7},{"hours":7},{"hours":11}]},
{"id":"daa22aa4-493b-4806-b5ef-1ebdedbe597e","timesheet":[{"hours":12},{"hours":8},{"hours":10}]},
{"id":"b53bcb25-ccc4-4b1f-ba53-e82ff997a9cf","timesheet":[{"hours":12},{"hours":4},{"hours":11},{"hours":6},{"hours":4}]},
{"id":"2fd424ae-f245-4f95-89d6-e0a88e149ae1","timesheet":[{"hours":7},{"hours":5},{"hours":4},{"hours":4},{"hours":11},{"hours":9}]},
{"id":"07528a61-9ec4-44b4-b2ea-06c1d63de58b","timesheet":[{"hours":7},{"hours":9},{"hours":6},{"hours":6},{"hours":11}]},
{"id":"a8613591-c4c4-4ab8-a817-5af7f892b5c5","timesheet":[{"hours":7}]},
{"id":"86dc5a5f-b1c9-4b5f-a297-f5d3c5d0296a","timesheet":[{"hours":9},{"hours":4},{"hours":6},{"hours":9},{"hours":4},{"hours":6}]},
{"id":"95765172-d659-41f8-99ce-488d093d76cf","timesheet":[{"hours":7},{"hours":5},{"hours":5},{"hours":4},{"hours":7},{"hours":4},{"hours":10}]},
{"id":"abe8bd1d-cdf8-4392-855e-c64a64b522cb","timesheet":[{"hours":5},{"hours":5},{"hours":9},{"hours":5}]},
{"id":"f819feb5-0ece-4e46-9ec0-fe5445db987f","timesheet":[{"hours":7},{"hours":10},{"hours":10},{"hours":5},{"hours":12}]},
{"id":"be93ec07-bfa7-44a7-a1e3-6f3636764afb","timesheet":[{"hours":4}]},
{"id":"56016796-62b1-478c-a040-e2e7064f318b","timesheet":[{"hours":4},{"hours":12},{"hours":5},{"hours":8},{"hours":10},{"hours":12},{"hours":7}]},
{"id":"33adca29-0f43-43e2-a5cc-4059c3284863","timesheet":[{"hours":6},{"hours":8},{"hours":8},{"hours":5}]},
{"id":"d0a31dd8-c68d-4156-87c4-a1835f7f632b","timesheet":[{"hours":12},{"hours":8},{"hours":6}]},
{"id":"25706870-a265-4c0a-8570-fe8efeb7c566","timesheet":[{"hours":8},{"hours":4},{"hours":5},{"hours":12},{"hours":4},{"hours":6}]},
{"id":"671ba3a9-be59-41f0-ab53-84d48691cbfe","timesheet":[{"hours":11},{"hours":5},{"hours":4},{"hours":6},{"hours":10},{"hours":11},{"hours":10}]},
{"id":"0916412d-1980-4278-b310-4538a5606ee4","timesheet":[{"hours":4}]},
{"id":"71cbd9ff-f669-4bbe-bf35-8439ba58b6b2","timesheet":[{"hours":4}]},
{"id":"ea3d87ca-7920-41fd-b335-cb9a4dc5ebf6","timesheet":[{"hours":12},{"hours":7},{"hours":4},{"hours":5},{"hours":8},{"hours":6}]},
{"id":"93129c50-80c7-4b90-8997-d6885c29bddb","timesheet":[{"hours":6},{"hours":12},{"hours":11},{"hours":5},{"hours":11},{"hours":5}]},
{"id":"965858aa-1ae5-4855-992e-7b7c18fc7924","timesheet":[{"hours":7},{"hours":11},{"hours":4},{"hours":8},{"hours":9},{"hours":4}]},
{"id":"7a44be4d-f5c7-4ef5-89fa-5a6a212bf8d0","timesheet":[{"hours":7},{"hours":8}]},
{"id":"497b95d2-f92e-43d7-9a00-77885d269763","timesheet":[{"hours":8},{"hours":12},{"hours":10},{"hours":4}]},
{"id":"10b7b61b-d826-405e-a97e-52d532f954b6","timesheet":[{"hours":5},{"hours":4},{"hours":5},{"hours":4}]},
{"id":"68ac8ded-8b07-4a49-afa7-523a0a11976f","timesheet":[{"hours":5},{"hours":6},{"hours":6}]},
{"id":"1ecbb5b4-3946-4795-877c-0483e54077f4","timesheet":[{"hours":7},{"hours":5},{"hours":4},{"hours":7},{"hours":9},{"hours":10}]},
{"id":"fbfcebb4-8eff-4a64-aa15-992b1312f875","timesheet":[{"hours":7}]},
{"id":"e827d65a-909c-477d-b49b-732ad73cef87","timesheet":[{"hours":10},{"hours":11},{"hours":8},{"hours":8},{"hours":5},{"hours":9}]},
{"id":"5dcf8ec9-4500-41fb-9d60-f2989faac30a","timesheet":[{"hours":10},{"hours":8},{"hours":4},{"hours":10},{"hours":12},{"hours":6}]},
{"id":"c8a1cacc-bdd3-4c40-b538-cd323e880064","timesheet":[{"hours":12}]},
{"id":"e37297dc-0911-46c1-9072-434047b1b30e","timesheet":[{"hours":11},{"hours":9},{"hours":10}]},
{"id":"8ed178cf-27ca-4190-acd9-8f274c9e0792","timesheet":[{"hours":4},{"hours":6},{"hours":12}]},
{"id":"f74f7010-2ab8-41ed-af4b-9b313f81d635","timesheet":[{"hours":4},{"hours":8},{"hours":6},{"hours":8}]},
{"id":"66ead90c-ac90-49d4-843d-f80ffc075594","timesheet":[{"hours":11}]},
{"id":"42823ef4-e7d9-4092-ba47-2c83db659c15","timesheet":[{"hours":9},{"hours":10},{"hours":12}]},
{"id":"513eb6a9-4131-4852-9e67-09688d8beaff","timesheet":[{"hours":4},{"hours":7},{"hours":10}]},
{"id":"4148675d-191d-4444-b52a-f4f1645ee383","timesheet":[{"hours":11},{"hours":5}]},
{"id":"a4afc4c2-0702-4104-ae33-ff4b95a49d43","timesheet":[{"hours":10}]},
{"id":"a794a74e-a027-478a-8da0-80edc1cfc5c3","timesheet":[{"hours":8},{"hours":10},{"hours":5},{"hours":12}]},
{"id":"c336e3e7-2a76-43e5-b46f-a3c28403b395","timesheet":[{"hours":6}]},
{"id":"c12c7fb4-0ab5-4302-9af5-c04a19d75d7c","timesheet":[{"hours":9},{"hours":8},{"hours":6},{"hours":11},{"hours":6}]},
{"id":"4e8cb7e4-eccc-483f-b8fe-9f1b30b3722e","timesheet":[{"hours":7},{"hours":10},{"hours":11},{"hours":9},{"hours":4}]},
{"id":"fd96e0f8-fe05-43f1-8210-3929caddf522","timesheet":[{"hours":12},{"hours":8},{"hours":10}]},
{"id":"4544d6e6-eb24-44a4-96f3-6dce24b8d707","timesheet":[{"hours":5},{"hours":10},{"hours":11}]},
{"id":"37ed7318-54a5-488a-879c-a5381ac9174f","timesheet":[{"hours":7},{"hours":4},{"hours":11},{"hours":7},{"hours":11}]},
{"id":"66703193-eda2-42e5-bc7d-e73d6c36ee00","timesheet":[{"hours":4},{"hours":10},{"hours":12}]},
{"id":"ef5295f4-e8a7-43e3-a4c5-a0407f717eab","timesheet":[{"hours":12},{"hours":9},{"hours":5},{"hours":4},{"hours":12},{"hours":5}]},
{"id":"bc02bab3-9cac-4825-9a30-dd8efc54be6e","timesheet":[{"hours":5},{"hours":6},{"hours":5},{"hours":5},{"hours":11}]},
{"id":"95f99f21-7066-44d0-b2a8-375e38647a77","timesheet":[{"hours":10},{"hours":9},{"hours":7},{"hours":6}]},
{"id":"b82af60b-04ee-4c1b-a9b9-ae4b0033ad09","timesheet":[{"hours":12},{"hours":7},{"hours":11},{"hours":11},{"hours":9},{"hours":7},{"hours":4}]},
{"id":"dc201ab4-8da6-475f-aa6c-a52d5221d345","timesheet":[{"hours":10},{"hours":4},{"hours":12}]},
{"id":"30b764f7-fd4c-414c-8f30-237575e9b9a8","timesheet":[{"hours":10},{"hours":12},{"hours":6},{"hours":5}]},
{"id":"ae6f1949-b363-47a8-a480-8c0762b09d05","timesheet":[{"hours":7},{"hours":6},{"hours":8}]},
{"id":"60aa7391-e751-4657-a6c4-f09bcf7c10a9","timesheet":[{"hours":11},{"hours":9},{"hours":8},{"hours":7}]},
{"id":"ca559a17-c03d-42d0-8087-2084771d5714","timesheet":[{"hours":7},{"hours":4}]},
{"id":"f83b8b75-55c9-4256-b73c-d5ee14a89f2b","timesheet":[{"hours":8},{"hours":10},{"hours":5},{"hours":9},{"hours":10},{"hours":12},{"hours":6}]},
{"id":"a07fa81d-07ae-49e5-bc71-0bc50878abec","timesheet":[{"hours":11},{"hours":11},{"hours":7},{"hours":6},{"hours":11}]},
{"id":"f1374052-5e07-42a5-b688-650ca5bd693b","timesheet":[{"hours":8},{"hours":11},{"hours":5},{"hours":11},{"hours":6},{"hours":5},{"hours":10}]},
{"id":"7f9532a3-163b-43a8-8fd2-64315e865fa5","timesheet":[{"hours":10},{"hours":12}]},
{"id":"cdc638ca-cddc-46d1-ba9c-c15f9a1c5e79","timesheet":[{"hours":12}]},
{"id":"12695aaa-7fad-4d81-b6b7-8b15f3d2667d","timesheet":[{"hours":9},{"hours":4},{"hours":9},{"hours":8}]},
{"id":"a48ea295-0155-42c6-88b6-7a2c4f8cff45","timesheet":[{"hours":4}]},
{"id":"77e1cb0c-adfa-4d8e-a826-5cfbd319a9b9","timesheet":[{"hours":12}]},
{"id":"d0a9d373-1d2c-4db3-922b-b3195da7767d","timesheet":[{"hours":6},{"hours":4},{"hours":6},{"hours":8}]},
{"id":"57a67419-e789-4bd2-99a2-ca2a7dc9337d","timesheet":[{"hours":6},{"hours":12},{"hours":9},{"hours":6},{"hours":4}]},
{"id":"0a439e07-b557-43dd-ad71-c7cd393444ca","timesheet":[{"hours":11},{"hours":10},{"hours":7},{"hours":11},{"hours":8},{"hours":5}]},
{"id":"1c576e5d-a622-42ca-8a46-13a14f0aff60","timesheet":[{"hours":12},{"hours":7}]},
{"id":"50fd227a-6178-42fa-8a33-174f179d8fdf","timesheet":[{"hours":4},{"hours":5}]},
{"id":"0b8ad9fd-6b92-4e07-8d42-ada1c09caaeb","timesheet":[{"hours":7}]},
{"id":"0afc05ff-0f3a-4ca2-8810-1b70b2da22a3","timesheet":[{"hours":9},{"hours":7},{"hours":10},{"hours":5},{"hours":7}]},
{"id":"9565c144-42be-4f86-9a54-ec819250706b","timesheet":[{"hours":4},{"hours":5},{"hours":7},{"hours":6},{"hours":7}]},
{"id":"a36da7f2-5338-404b-9197-8384055a9f01","timesheet":[{"hours":5}]},
{"id":"a63f5a44-5166-4835-972d-55c4ee20e41e","timesheet":[{"hours":5}]},
{"id":"d7f78429-10c5-42bd-9f0b-4d20af7ea261","timesheet":[{"hours":9}]},
{"id":"8519cdd4-b6af-4a37-bcaa-3fc74578188a","timesheet":[{"hours":6},{"hours":9},{"hours":12}]},
{"id":"f632a96b-dd81-4a16-b287-b6a201139138","timesheet":[{"hours":8},{"hours":4},{"hours":11},{"hours":12},{"hours":9},{"hours":9}]},
{"id":"43ad7f20-486c-4014-8487-dbee544ea467","timesheet":[{"hours":12},{"hours":8}]},
{"id":"369dc231-fee4-490f-b2e1-fea695cc535f","timesheet":[{"hours":11},{"hours":12},{"hours":7},{"hours":6},{"hours":7}]},
{"id":"42c5ec46-3009-4f7d-b9c8-d30a01fa5099","timesheet":[{"hours":5},{"hours":11},{"hours":11}]},
{"id":"59397518-bf48-4f1a-a402-6d648a574743","timesheet":[{"hours":4},{"hours":12},{"hours":9},{"hours":12},{"hours":5},{"hours":8},{"hours":5}]},
{"id":"b8cb794c-d4f0-4a56-bcdf-1f59ce288fbb","timesheet":[{"hours":6},{"hours":10}]},
{"id":"accfda91-cb96-4e8d-bddf-3949c5aad617","timesheet":[{"hours":5},{"hours":10},{"hours":8},{"hours":7},{"hours":4},{"hours":9},{"hours":12}]},
{"id":"40195622-908f-4bea-958d-42c1cecb4c51","timesheet":[{"hours":10},{"hours":9},{"hours":10},{"hours":7},{"hours":10}]},
{"id":"119b6595-4e2f-4bb5-95b9-b13d6a83d21a","timesheet":[{"hours":4},{"hours":10},{"hours":9},{"hours":6},{"hours":11},{"hours":10},{"hours":7}]},
{"id":"3ef00917-d5bb-4e85-a6b4-1cbd8ca5c460","timesheet":[{"hours":11}]},
{"id":"12f19133-fcdf-43c1-a017-73efd02286dc","timesheet":[{"hours":8},{"hours":4},{"hours":6},{"hours":4}]},
{"id":"59159ffd-5d4e-4f83-88f0-8100563fdba2","timesheet":[{"hours":8},{"hours":6},{"hours":12},{"hours":4}]},
{"id":"696742b1-04c7-41cf-a031-d4ee7edcdf9e","timesheet":[{"hours":7},{"hours":4},{"hours":9}]},
{"id":"1ef4d6a8-61fb-4d46-84c0-3b06ad22ebb8","timesheet":[{"hours":4},{"hours":10},{"hours":12},{"hours":8},{"hours":6},{"hours":8},{"hours":4}]},
{"id":"ec6fb29a-860a-4173-ae1c-c37d799b1d15","timesheet":[{"hours":8},{"hours":7},{"hours":9},{"hours":7},{"hours":7}]},
{"id":"a4119362-c46e-4dc2-b9cf-78c15f6851aa","timesheet":[{"hours":4},{"hours":10},{"hours":6},{"hours":8},{"hours":12},{"hours":7}]},
{"id":"a4779f9b-4164-4b2b-990c-dbc5abc1f5ef","timesheet":[{"hours":9}]},
{"id":"d3307465-2e2d-47b9-b660-2f4dc28b7dd9","timesheet":[{"hours":6},{"hours":11},{"hours":7},{"hours":12},{"hours":12}]},
{"id":"ef073b9d-9caa-4b03-b6cf-b8d0f870ef8e","timesheet":[{"hours":11}]},
{"id":"03e965ec-f1c8-43c2-bdcc-03eb7b0b267a","timesheet":[{"hours":12},{"hours":5},{"hours":6},{"hours":9},{"hours":11},{"hours":8},{"hours":10}]},
{"id":"bb2c5df1-21db-4413-96c9-c5f1d3133d23","timesheet":[{"hours":8},{"hours":7},{"hours":11},{"hours":6}]},
{"id":"82743aec-1708-470f-b582-f7a92b7dc24f","timesheet":[{"hours":8}]},
{"id":"a5d0cde0-8373-4652-86de-105a8e384d2a","timesheet":[{"hours":11},{"hours":10}]},
{"id":"c05bf5fc-e7c0-49ab-92ed-3a2aa962d040","timesheet":[{"hours":4},{"hours":5}]},
{"id":"c7214a19-beea-4fb6-b908-c4a1ee7f430b","timesheet":[{"hours":7}]},
{"id":"67980d08-62fd-4007-b59e-ba3c6103d31a","timesheet":[{"hours":5},{"hours":6},{"hours":8},{"hours":5},{"hours":6}]},
{"id":"48b0f649-0187-4b7a-8be3-addd0aec9b53","timesheet":[{"hours":11},{"hours":6},{"hours":7},{"hours":9}]},
{"id":"b90d33ed-4059-40a2-bddb-c6dc4ce4c0ac","timesheet":[{"hours":12},{"hours":4}]},
{"id":"ed60e484-3d9f-4ae6-8466-aece06f14665","timesheet":[{"hours":4}]},
{"id":"5d2d85e1-0dd3-4b99-a5f4-f219ebb096cb","timesheet":[{"hours":8},{"hours":9},{"hours":11},{"hours":11}]},
{"id":"6654c24b-39e5-4d50-833e-0f4b0da5f621","timesheet":[{"hours":9},{"hours":4},{"hours":5}]},
{"id":"b76fa280-c47d-4f35-99b2-92fd6376fa61","timesheet":[{"hours":7},{"hours":4},{"hours":12},{"hours":5},{"hours":10},{"hours":5},{"hours":4}]},
{"id":"e2863ae0-41c6-444f-b967-c7a6ae2a614c","timesheet":[{"hours":4},{"hours":11},{"hours":8},{"hours":11},{"hours":8}]},
{"id":"8904adc0-06a3-40b0-aa77-4022321c9e71","timesheet":[{"hours":12},{"hours":10},{"hours":7}]},
{"id":"c7be92c8-bee8-4a78-b026-dddf97c27870","timesheet":[{"hours":6},{"hours":10},{"hours":4}]},
{"id":"b0bf1570-c3d0-4ac9-be82-8a7d112c50e3","timesheet":[{"hours":5},{"hours":6}]},
{"id":"179d3a3b-780f-4c1f-94e2-8588f458205f","timesheet":[{"hours":10},{"hours":11},{"hours":12},{"hours":12},{"hours":8},{"hours":12}]},
{"id":"105761c9-fae2-4461-b54b-fcf4a647c1a1","timesheet":[{"hours":10}]},
{"id":"9d7acf44-4498-4505-bef1-7940d5135342","timesheet":[{"hours":10}]},
{"id":"417b0737-b23e-496c-9312-4c35ec8e4510","timesheet":[{"hours":4},{"hours":6}]},
{"id":"2350f079-169d-4a18-86cb-af9d1dffaa6f","timesheet":[{"hours":7}]},
{"id":"381ca7a8-411d-4dc4-87a1-5eecc1912868","timesheet":[{"hours":6},{"hours":8},{"hours":4},{"hours":12}]},
{"id":"2c25fd79-a8a7-46a8-8922-2124b4f34994","timesheet":[{"hours":7},{"hours":4},{"hours":6}]},
{"id":"f2a633fd-7ba2-471f-a849-dcc37e59ff39","timesheet":[{"hours":5},{"hours":6},{"hours":5}]},
{"id":"883e108d-b2a3-4608-a215-e34a40991f58","timesheet":[{"hours":6}]},
{"id":"7a0497a0-b2f7-4e13-a7ac-51ac1e536dc1","timesheet":[{"hours":8},{"hours":6}]},
{"id":"de842876-c39b-40f1-9829-d1073d9d2f1a","timesheet":[{"hours":7},{"hours":8},{"hours":8},{"hours":7},{"hours":6}]},
{"id":"7b5c1b78-1a01-4a0d-86e9-ab4ab6418591","timesheet":[{"hours":5}]},
{"id":"037e3e1e-5884-4d87-a722-93a3bbf09ba6","timesheet":[{"hours":9},{"hours":4}]},
{"id":"468082b5-f062-4417-9574-118d5ae9522a","timesheet":[{"hours":9},{"hours":5},{"hours":4},{"hours":12},{"hours":8},{"hours":12}]},
{"id":"4c7170e6-4296-4902-9286-3975598465e1","timesheet":[{"hours":12},{"hours":5},{"hours":12},{"hours":11}]},
{"id":"ccecb4d4-9108-4b31-be79-4ac163fbbc36","timesheet":[{"hours":10},{"hours":5},{"hours":10},{"hours":12},{"hours":6},{"hours":11}]},
{"id":"254e76b5-7605-4f72-ab34-e1ab2dedfb84","timesheet":[{"hours":7},{"hours":11}]},
{"id":"0dabd336-6ec3-4ccb-9f72-d1d4823f1381","timesheet":[{"hours":8},{"hours":6},{"hours":10},{"hours":4},{"hours":4},{"hours":11}]},
{"id":"929da6f2-a1fe-4c55-84c7-122e03224286","timesheet":[{"hours":12},{"hours":7}]},
{"id":"417f0fe7-68f2-4115-99dc-633ba59a2b7d","timesheet":[{"hours":4}]},
{"id":"5e23e633-ded1-45a0-8915-a9de9dc8e800","timesheet":[{"hours":4},{"hours":7},{"hours":12},{"hours":12},{"hours":6}]},
{"id":"eca94e1a-ea5a-4d61-8f23-8dfc4c81728c","timesheet":[{"hours":7},{"hours":8},{"hours":11}]},
{"id":"49fa3abe-bd9d-4219-82e6-29df692df841","timesheet":[{"hours":12},{"hours":4},{"hours":10},{"hours":6},{"hours":12},{"hours":12},{"hours":5}]},
{"id":"2c399928-c0d7-4029-86b1-972f93fd472b","timesheet":[{"hours":9},{"hours":11}]},
{"id":"1f59a1fe-70f3-43a9-9622-bd0b30103fde","timesheet":[{"hours":12},{"hours":7},{"hours":12}]},
{"id":"dff1f32c-1032-456f-b332-09a9f60a0747","timesheet":[{"hours":7},{"hours":4},{"hours":8}]},
{"id":"9a59a357-7ddf-472a-af0b-52b681d3a035","timesheet":[{"hours":9},{"hours":5},{"hours":8}]},
{"id":"280b47b8-6966-4827-a97b-a5321421417f","timesheet":[{"hours":11},{"hours":11},{"hours":10},{"hours":7}]},
{"id":"32696cfe-27a1-417e-8785-c63cf43e482c","timesheet":[{"hours":6},{"hours":11},{"hours":7},{"hours":9},{"hours":8},{"hours":5},{"hours":10}]},
{"id":"4ecb3bf1-9f79-48c9-b0a4-1f9cd90b0a26","timesheet":[{"hours":5},{"hours":7},{"hours":7},{"hours":5},{"hours":12}]},
{"id":"5df18ebb-466d-4f4e-850b-0db51fd5a3de","timesheet":[{"hours":7},{"hours":10},{"hours":9}]},
{"id":"46f64459-c77f-4f53-9214-d914b3feef7b","timesheet":[{"hours":6},{"hours":10},{"hours":4},{"hours":11}]},
{"id":"43d2fc1a-498a-4e7e-a7a0-761c653eb6d1","timesheet":[{"hours":8},{"hours":7},{"hours":6},{"hours":10},{"hours":10},{"hours":7}]},
{"id":"1bd77768-95d8-4a7d-87c9-2c64612a227a","timesheet":[{"hours":5},{"hours":12},{"hours":12},{"hours":7},{"hours":11},{"hours":11},{"hours":9}]},
{"id":"a8a7d2ac-1961-4950-bedc-0ed28f380cd1","timesheet":[{"hours":9},{"hours":4},{"hours":8}]},
{"id":"492efb49-2830-4ac3-a766-20f393e93736","timesheet":[{"hours":7},{"hours":9},{"hours":12},{"hours":11},{"hours":4},{"hours":6},{"hours":11}]},
{"id":"42f7a7a5-5813-461d-8bd1-6650dde8b264","timesheet":[{"hours":5}]},
{"id":"92a8f6a4-40bc-4b7b-b473-81fbfe06ee55","timesheet":[{"hours":4},{"hours":11},{"hours":12},{"hours":11},{"hours":4}]},
{"id":"3af138de-17a2-49c3-b29e-0b4d910fa364","timesheet":[{"hours":8},{"hours":10},{"hours":9},{"hours":6},{"hours":11},{"hours":12}]},
{"id":"29fb3d45-040d-4c02-85a9-8f507a3c1146","timesheet":[{"hours":10},{"hours":5},{"hours":11},{"hours":9},{"hours":11},{"hours":4},{"hours":11}]},
{"id":"06bacdce-3fb7-4e9c-8108-f3dc3f0dcc28","timesheet":[{"hours":8},{"hours":5},{"hours":10},{"hours":11}]},
{"id":"6e3a657b-5ee5-405b-af14-5368a3d4b31c","timesheet":[{"hours":12},{"hours":4},{"hours":8},{"hours":12},{"hours":12},{"hours":6},{"hours":11}]},
{"id":"3a58a511-79ec-4d9c-b72f-16413eb37f7d","timesheet":[{"hours":10},{"hours":10},{"hours":8},{"hours":10}]},
{"id":"147638ea-c0c0-4f21-a107-408cd4975480","timesheet":[{"hours":5}]},
{"id":"12fcec2c-fbc5-43bc-922a-e53125ced184","timesheet":[{"hours":5},{"hours":4},{"hours":4}]},
{"id":"54edb272-5167-4b5f-aab9-d274d3cef303","timesheet":[{"hours":5},{"hours":8},{"hours":5},{"hours":7},{"hours":8}]},
{"id":"de1fdc27-84b2-4632-9c6d-1965751116d8","timesheet":[{"hours":8},{"hours":10},{"hours":6},{"hours":8},{"hours":5},{"hours":5},{"hours":8}]},
{"id":"2da839da-1faa-4e3c-acc2-4f347c7c43f6","timesheet":[{"hours":9},{"hours":8},{"hours":9}]},
{"id":"7a1514be-7b7f-47ce-8eb8-4f385f01c3f1","timesheet":[{"hours":6},{"hours":5}]},
{"id":"c1e2d3d6-7f1d-481c-8003-66ad9fbb6f3f","timesheet":[{"hours":7},{"hours":10},{"hours":4},{"hours":5},{"hours":8}]},
{"id":"a94527eb-1cda-4e1b-8ad6-ba86bb3b601f","timesheet":[{"hours":8},{"hours":10},{"hours":4},{"hours":4}]},
{"id":"66f46543-c849-4b91-8739-bc1077a40fc8","timesheet":[{"hours":6},{"hours":5},{"hours":11},{"hours":11},{"hours":4},{"hours":7},{"hours":7}]},
{"id":"d40a0204-650a-40f2-afae-323d47b27dd9","timesheet":[{"hours":7},{"hours":7},{"hours":4},{"hours":7},{"hours":10},{"hours":11}]},
{"id":"3c314a52-421e-40a7-8526-1e595c7234e9","timesheet":[{"hours":7}]},
{"id":"d567aa39-e599-4297-a38f-fa6430795733","timesheet":[{"hours":10}]},
{"id":"c98e5539-4c12-4afe-bd30-335b23793fd8","timesheet":[{"hours":12},{"hours":10}]},
{"id":"56282099-8e58-4bf0-a643-6f77a3ca75fc","timesheet":[{"hours":9},{"hours":5},{"hours":10},{"hours":11}]},
{"id":"e7f82031-4edb-43c6-af5e-81f056c007c1","timesheet":[{"hours":8}]},
{"id":"e062960a-68a2-4f58-9302-1a359143443c","timesheet":[{"hours":9},{"hours":7},{"hours":5},{"hours":7}]},
{"id":"71bfe115-7f78-4b3c-9653-836d7cfb7c28","timesheet":[{"hours":5}]},
{"id":"e10966f4-1c93-441d-bbb9-283b24329992","timesheet":[{"hours":4},{"hours":6},{"hours":10},{"hours":5},{"hours":11},{"hours":7}]},
{"id":"f020f84f-a152-4859-82b2-41902b16fdba","timesheet":[{"hours":12},{"hours":6},{"hours":11},{"hours":9},{"hours":10},{"hours":12}]},
{"id":"1b13eb0a-6793-4093-93d4-e862b71c1179","timesheet":[{"hours":11},{"hours":9},{"hours":4},{"hours":5},{"hours":9},{"hours":5}]},
{"id":"64950f38-cdac-4e16-be9a-7df96310817c","timesheet":[{"hours":8},{"hours":12},{"hours":6},{"hours":10},{"hours":10},{"hours":9},{"hours":7}]},
{"id":"ecf9bc97-8deb-4f78-babd-5df2fda254a9","timesheet":[{"hours":11},{"hours":10},{"hours":11},{"hours":9},{"hours":8}]},
{"id":"a0882676-66f2-4754-be6d-066eabddbcae","timesheet":[{"hours":12},{"hours":9}]},
{"id":"835bc9bf-9b9c-4093-a86e-f5bdd9c96841","timesheet":[{"hours":11},{"hours":6},{"hours":7},{"hours":8}]},
{"id":"d1be85e9-3c92-4f44-bb84-3ab4674536f6","timesheet":[{"hours":11},{"hours":6}]},
{"id":"39bd3de6-6315-4b50-98ae-1621c71b675d","timesheet":[{"hours":4},{"hours":6},{"hours":11},{"hours":4}]},
{"id":"162ce33e-ce66-4cf8-aeef-48188b134d2c","timesheet":[{"hours":4},{"hours":5},{"hours":8}]},
{"id":"000f2ec3-0316-4bc5-83f5-d3918fa2a33a","timesheet":[{"hours":11},{"hours":6},{"hours":8}]},
{"id":"f702040d-3be9-46b8-b038-c983af068e5f","timesheet":[{"hours":8},{"hours":4},{"hours":7},{"hours":4},{"hours":6}]},
{"id":"4cdeb8ea-80e4-4cc7-abe9-bf871d52f095","timesheet":[{"hours":4},{"hours":12},{"hours":7},{"hours":9},{"hours":8}]},
{"id":"07244816-aaaf-497d-8e61-3343c92e0298","timesheet":[{"hours":5},{"hours":8},{"hours":10},{"hours":8},{"hours":4}]},
{"id":"679f0b26-d3cb-41a5-99aa-e21d0fab33ed","timesheet":[{"hours":5},{"hours":5}]},
{"id":"5980ec37-1c4e-435e-8d2a-49b8477f0e21","timesheet":[{"hours":12},{"hours":7},{"hours":10}]},
{"id":"c35a589d-f9d5-4f02-b014-6e4c6624026d","timesheet":[{"hours":9},{"hours":4},{"hours":8}]},
{"id":"24baa454-4986-49a5-8d30-26c18597922a","timesheet":[{"hours":11},{"hours":6},{"hours":7},{"hours":8}]},
{"id":"cfa75024-cecd-4871-8704-372a82f67e70","timesheet":[{"hours":4},{"hours":4},{"hours":8},{"hours":12}]},
{"id":"f9d82083-01e3-466a-901e-689832b7e8a6","timesheet":[{"hours":8},{"hours":11}]},
{"id":"ae06730b-f9c7-4908-910a-7a5e49d076ae","timesheet":[{"hours":12},{"hours":5},{"hours":8},{"hours":6},{"hours":6},{"hours":9},{"hours":6}]},
{"id":"82c2ce2e-13ec-4363-925a-d6af840e76ff","timesheet":[{"hours":12},{"hours":12},{"hours":7},{"hours":11},{"hours":4},{"hours":6}]},
{"id":"8936c582-6f93-46af-866d-1ef846eee247","timesheet":[{"hours":6},{"hours":4},{"hours":9}]},
{"id":"2ddf4e16-1592-4697-bbf8-f4ee75a4b1e6","timesheet":[{"hours":10},{"hours":10},{"hours":4}]},
{"id":"de22c198-2c34-4c87-8250-2efca2defb88","timesheet":[{"hours":11},{"hours":8},{"hours":4},{"hours":10},{"hours":5},{"hours":5}]},
{"id":"084a45d7-d150-468c-8ebb-b8010f4847e8","timesheet":[{"hours":7}]},
{"id":"b61c041a-8dee-4123-84d6-139ec0b85e09","timesheet":[{"hours":7},{"hours":6},{"hours":8},{"hours":9},{"hours":9},{"hours":8},{"hours":4}]},
{"id":"37f8b815-2370-4f2f-915f-e29c6d861501","timesheet":[{"hours":11},{"hours":12},{"hours":8},{"hours":7}]},
{"id":"c3346c17-1ee1-4f31-a12e-b5fa933bcd5c","timesheet":[{"hours":4},{"hours":9},{"hours":7},{"hours":7},{"hours":5},{"hours":9},{"hours":11}]},
{"id":"d83c81d4-bd65-44d3-a7e3-7f79db46fb84","timesheet":[{"hours":6},{"hours":6},{"hours":12},{"hours":8},{"hours":4},{"hours":5},{"hours":9}]},
{"id":"2bb9cce5-d374-403d-b31f-fca7e996dc77","timesheet":[{"hours":8},{"hours":9},{"hours":8},{"hours":11},{"hours":8}]},
{"id":"f7bd98a4-5218-4fa5-9ee4-8f1007f70ccb","timesheet":[{"hours":8},{"hours":5},{"hours":4},{"hours":4},{"hours":5},{"hours":5},{"hours":5}]},
{"id":"ab4bb066-6f82-4c36-9c0f-63b46a297eed","timesheet":[{"hours":4},{"hours":12},{"hours":8},{"hours":5},{"hours":6}]},
{"id":"9199a939-5270-4cdb-87a6-e270c6684a26","timesheet":[{"hours":10},{"hours":8}]},
{"id":"3426fda3-89dd-43ba-a384-3f062b954d54","timesheet":[{"hours":9},{"hours":5},{"hours":9},{"hours":8},{"hours":10}]},
{"id":"dd84ebbf-d7b5-4ac9-abe3-26c13ead95fa","timesheet":[{"hours":12},{"hours":4},{"hours":9}]},
{"id":"8448c646-dd3e-43bc-8528-8cb24ae2f1c8","timesheet":[{"hours":4}]},
{"id":"abae4e07-22df-4554-8457-72bb8b52451d","timesheet":[{"hours":5},{"hours":9},{"hours":6},{"hours":6}]},
{"id":"94a31d9e-1c68-46c0-a03a-9c4e6876b894","timesheet":[{"hours":8},{"hours":8},{"hours":5}]},
{"id":"3bb163e8-1207-42e6-b54e-ec7820a86b5c","timesheet":[{"hours":12},{"hours":12},{"hours":10},{"hours":12},{"hours":10},{"hours":8}]},
{"id":"6ff58f92-7089-4e5c-8085-f8a2edb248fc","timesheet":[{"hours":8},{"hours":7},{"hours":12},{"hours":7}]},
{"id":"414c1d21-1ec5-48a5-bf7d-b1c46cca128b","timesheet":[{"hours":11},{"hours":6},{"hours":4},{"hours":12},{"hours":6},{"hours":4},{"hours":9}]},
{"id":"34033bcf-a570-4a2e-91ee-ad5138e3154a","timesheet":[{"hours":11},{"hours":5},{"hours":4},{"hours":4}]},
{"id":"d0dfd812-81f2-4a41-b898-a04188b2fe96","timesheet":[{"hours":7},{"hours":12},{"hours":10},{"hours":7}]},
{"id":"8f7f944a-9c52-45a6-8192-0a64bf5245e4","timesheet":[{"hours":6},{"hours":9},{"hours":12},{"hours":4}]},
{"id":"6004bbb0-7e95-480d-a67c-5c9df2b896fa","timesheet":[{"hours":6},{"hours":9},{"hours":8}]},
{"id":"a50155e6-dd5a-48a2-a1be-38c97190c45d","timesheet":[{"hours":10},{"hours":6},{"hours":7}]},
{"id":"4e52640b-28e5-4440-8252-9c0aafaf3c8b","timesheet":[{"hours":4},{"hours":12},{"hours":11},{"hours":4}]},
{"id":"a604851e-012b-46d3-855a-d005fa9e7fd0","timesheet":[{"hours":4}]},
{"id":"794f9750-6521-42e0-979e-140c5bacb214","timesheet":[{"hours":11},{"hours":12}]},
{"id":"7fe1bf63-5df2-4988-9213-9739be70b079","timesheet":[{"hours":5},{"hours":5},{"hours":10},{"hours":12},{"hours":8},{"hours":7}]},
{"id":"29b94cea-3632-40d2-8474-8a6f68c70f89","timesheet":[{"hours":9},{"hours":6},{"hours":8},{"hours":7},{"hours":4},{"hours":10}]},
{"id":"e847285e-3cdc-4803-8646-fa0c14c831cb","timesheet":[{"hours":9},{"hours":9},{"hours":11},{"hours":9},{"hours":6},{"hours":10}]},
{"id":"ea9cd5b3-78c0-4e3a-929b-30e4d422a4f5","timesheet":[{"hours":8},{"hours":10},{"hours":9},{"hours":6},{"hours":9}]},
{"id":"a4030623-cf79-4230-9efb-34a3f2a26a9e","timesheet":[{"hours":11}]},
{"id":"9ab335f1-eee6-4353-bdaf-2a12f1d89135","timesheet":[{"hours":10},{"hours":5},{"hours":4},{"hours":7},{"hours":6},{"hours":10}]},
{"id":"4d08a25f-ceed-4c52-91c9-0bc3da6ef506","timesheet":[{"hours":11}]},
{"id":"c7165e09-1d2a-4409-add2-42b42fff8fba","timesheet":[{"hours":12},{"hours":10},{"hours":5}]},
{"id":"8aab20c2-04fc-4dbd-8b9f-09d19be371fd","timesheet":[{"hours":4},{"hours":11},{"hours":11},{"hours":5}]},
{"id":"41884444-7df5-4dd5-a642-a3544a741b19","timesheet":[{"hours":7},{"hours":8},{"hours":10}]},
{"id":"b957f305-2d93-4db1-bf1c-1237b307282d","timesheet":[{"hours":4},{"hours":11},{"hours":5}]},
{"id":"171605d7-a6d6-475f-94c5-d613a182030c","timesheet":[{"hours":4},{"hours":8}]},
{"id":"06c11576-2bc2-43fa-9254-a373c9e6b76b","timesheet":[{"hours":12},{"hours":4},{"hours":7},{"hours":10},{"hours":12},{"hours":8},{"hours":7}]},
{"id":"f206811f-c102-4e6b-8f63-3645d6a7341d","timesheet":[{"hours":7},{"hours":7}]},
{"id":"dab1242a-1465-428b-8f2c-da310574c631","timesheet":[{"hours":4},{"hours":12},{"hours":8},{"hours":4},{"hours":9}]},
{"id":"31550dfc-11f1-481e-842b-8d3d5d97b976","timesheet":[{"hours":4},{"hours":8}]},
{"id":"70ee9ebd-326a-43f0-a856-c237a26cba93","timesheet":[{"hours":12},{"hours":5},{"hours":8},{"hours":12},{"hours":7},{"hours":10}]},
{"id":"0d309b4f-49c4-4301-a33d-3ff8bdaca199","timesheet":[{"hours":6},{"hours":5},{"hours":11},{"hours":6}]},
{"id":"2c6c51d3-a833-443e-a7ff-fa951ffeec5d","timesheet":[{"hours":10},{"hours":5},{"hours":10},{"hours":12},{"hours":12}]},
{"id":"1e4f9b6c-8ebe-4c70-afc9-2792f87c39f1","timesheet":[{"hours":11},{"hours":12},{"hours":6}]},
{"id":"5867ff60-2634-4d49-995b-c561e3ed9c51","timesheet":[{"hours":7},{"hours":7},{"hours":11},{"hours":12}]},
{"id":"0c16f0b0-a430-4604-9f99-73aed2d44077","timesheet":[{"hours":5},{"hours":12},{"hours":10},{"hours":12},{"hours":7},{"hours":6}]},
{"id":"2b319311-de39-485b-a7d6-d480e864abdd","timesheet":[{"hours":5},{"hours":5}]},
{"id":"b1ef7efc-159c-482c-8bd3-b2d0c79c483a","timesheet":[{"hours":7},{"hours":11},{"hours":10},{"hours":12},{"hours":12},{"hours":7},{"hours":9}]},
{"id":"0de10e6a-e187-4ab2-8785-dead9014ce65","timesheet":[{"hours":9}]},
{"id":"b8f89064-d57f-4e7e-bc42-1dd67b1a8379","timesheet":[{"hours":9},{"hours":10},{"hours":9},{"hours":4},{"hours":4},{"hours":9},{"hours":12}]},
{"id":"1c6ca45d-61bc-4437-b0b0-dfd4f04719b7","timesheet":[{"hours":8},{"hours":9},{"hours":4}]},
{"id":"e4510bf2-67a2-434f-b398-22afd01bd6ee","timesheet":[{"hours":9}]},
{"id":"c258fa5d-0260-4342-828d-42bfdc10684d","timesheet":[{"hours":7},{"hours":9},{"hours":7}]},
{"id":"2cc44eda-db7f-48f7-81e2-046ec6deca90","timesheet":[{"hours":7},{"hours":7},{"hours":9}]},
{"id":"a070ca2e-3b2a-49a9-bc82-2f4401cf258a","timesheet":[{"hours":11},{"hours":12},{"hours":9}]},
{"id":"d8962e3e-4852-42bb-9172-d972bc87548f","timesheet":[{"hours":4},{"hours":4},{"hours":12},{"hours":6},{"hours":12},{"hours":12}]},
{"id":"261f5ef7-2903-483c-b31e-a363eebca9ad","timesheet":[{"hours":10}]},
{"id":"2dd262d4-23d6-4cb7-aad4-7bed78b9eb3f","timesheet":[{"hours":5},{"hours":7},{"hours":8},{"hours":6},{"hours":9},{"hours":4},{"hours":4}]},
{"id":"80edfc99-9e5d-4c93-b3d4-39d3460ca918","timesheet":[{"hours":7}]},
{"id":"3217432c-5399-48fd-9197-4bd250fe6140","timesheet":[{"hours":9},{"hours":9},{"hours":7},{"hours":4},{"hours":11},{"hours":7},{"hours":9}]},
{"id":"33adca97-8051-45e7-98fe-efe8abdbf028","timesheet":[{"hours":8},{"hours":11},{"hours":12}]},
{"id":"ea1c7787-391a-4369-b35d-291ee9e16b5e","timesheet":[{"hours":7},{"hours":4},{"hours":8},{"hours":8}]},
{"id":"8912209c-b6a8-4358-b61a-84f4928a3d5b","timesheet":[{"hours":4},{"hours":9},{"hours":11},{"hours":10},{"hours":12}]},
{"id":"8050e787-b68a-4a41-94bd-96330eb04610","timesheet":[{"hours":8},{"hours":6},{"hours":5},{"hours":9},{"hours":11}]},
{"id":"e119899e-fba2-438a-9084-5e9d961d47f6","timesheet":[{"hours":5}]},
{"id":"eecf9946-a617-4b5a-a432-39af4f4a2d92","timesheet":[{"hours":8},{"hours":4}]},
{"id":"45dfe057-9417-4cf8-b1ee-5e11eb9b370b","timesheet":[{"hours":11},{"hours":11},{"hours":7},{"hours":12},{"hours":9}]},
{"id":"711b5b77-e6b0-4b13-9286-67b3c7912483","timesheet":[{"hours":10},{"hours":7},{"hours":4},{"hours":9}]},
{"id":"01f968cf-6216-46c1-b04c-530b0e1cb8c0","timesheet":[{"hours":12},{"hours":11},{"hours":6}]},
{"id":"388b6d51-de09-4213-843b-cea7b7ccdec9","timesheet":[{"hours":9},{"hours":9},{"hours":5},{"hours":5},{"hours":9},{"hours":6},{"hours":12}]},
{"id":"04c3e8cd-aacf-4042-8ad8-bb217233363c","timesheet":[{"hours":11}]},
{"id":"28c1ee92-ce36-48b0-9a0c-e2e6f97092be","timesheet":[{"hours":11},{"hours":8},{"hours":5},{"hours":7},{"hours":8},{"hours":6},{"hours":10}]},
{"id":"36908f17-3373-4a0e-ab71-6e5228fde462","timesheet":[{"hours":11},{"hours":11}]},
{"id":"0adc24d4-c4b3-4836-bad4-be34c0854fd5","timesheet":[{"hours":6},{"hours":8},{"hours":12},{"hours":9},{"hours":5},{"hours":7}]},
{"id":"1856aa52-3444-4a5f-b5b1-0fe5a1733a6a","timesheet":[{"hours":9},{"hours":5},{"hours":11},{"hours":7}]},
{"id":"851d4969-4ca4-4eab-9963-647cf9267e38","timesheet":[{"hours":10}]},
{"id":"af8bbea1-77f5-496e-a429-a79445d937c2","timesheet":[{"hours":4},{"hours":5},{"hours":10},{"hours":4},{"hours":10},{"hours":11}]},
{"id":"5149a73a-fa59-4353-a547-5d5a7bcc2625","timesheet":[{"hours":10},{"hours":7},{"hours":6},{"hours":5},{"hours":9},{"hours":10},{"hours":9}]},
{"id":"dcf8ac92-1f9f-48f6-b07b-6fbcce667065","timesheet":[{"hours":11},{"hours":4}]},
{"id":"f9156ddc-c40c-4f3f-82c8-7b4e21c4a668","timesheet":[{"hours":9},{"hours":9},{"hours":8},{"hours":8}]},
{"id":"ba04e46f-0d04-41cd-818b-39987a26eb63","timesheet":[{"hours":11},{"hours":11},{"hours":6},{"hours":12},{"hours":4}]},
{"id":"b9efb5d2-4706-4229-a140-21c20057d01a","timesheet":[{"hours":6},{"hours":11},{"hours":6},{"hours":5},{"hours":10},{"hours":8},{"hours":6}]},
{"id":"139389fe-d0bb-4590-8392-427583c99f57","timesheet":[{"hours":5},{"hours":5},{"hours":11},{"hours":10},{"hours":6}]},
{"id":"56dcbd54-cecf-4cd9-a2ab-9309cf1dadc7","timesheet":[{"hours":4},{"hours":12},{"hours":4},{"hours":6},{"hours":11}]},
{"id":"437b9e28-89bb-4381-aeee-3b0c6922ca51","timesheet":[{"hours":10},{"hours":4},{"hours":5},{"hours":6},{"hours":12},{"hours":10}]},
{"id":"96005cda-24ea-4611-b5a8-e30ebbc5f435","timesheet":[{"hours":10}]},
{"id":"d1158233-6c11-4191-8768-2e097ee77698","timesheet":[{"hours":9},{"hours":8},{"hours":7},{"hours":11},{"hours":11},{"hours":8},{"hours":9}]},
{"id":"5130f5c8-0670-49de-b13d-c144ab89fee0","timesheet":[{"hours":11}]},
{"id":"83ecff24-70dd-40d0-93d4-7ddc29cc9c20","timesheet":[{"hours":6},{"hours":7},{"hours":9},{"hours":12},{"hours":6},{"hours":7}]},
{"id":"51a2b86c-d2c3-41a4-88bd-1a32f54c0573","timesheet":[{"hours":10},{"hours":9},{"hours":6},{"hours":8},{"hours":7},{"hours":11},{"hours":10}]},
{"id":"c92c498a-330a-4ad9-96b7-5d0531cd628e","timesheet":[{"hours":8},{"hours":10},{"hours":6},{"hours":6},{"hours":6}]},
{"id":"4e1ddab2-4ec5-4b6a-87c9-782de28756e2","timesheet":[{"hours":8},{"hours":7}]},
{"id":"9e968444-f55f-40e7-973f-e6e0d890cd53","timesheet":[{"hours":5},{"hours":5}]},
{"id":"e81a4d85-e519-4eca-8c15-835efe5f4411","timesheet":[{"hours":11},{"hours":7},{"hours":6},{"hours":6},{"hours":9},{"hours":10}]},
{"id":"e07af056-394d-4fa8-a22e-3d02dc76efb9","timesheet":[{"hours":5},{"hours":7},{"hours":10},{"hours":8},{"hours":10},{"hours":5}]},
{"id":"d60c347a-16f8-4d93-8af4-9a917582cc50","timesheet":[{"hours":12}]},
{"id":"29f1d9df-0459-4111-9f4c-fe6f55608151","timesheet":[{"hours":12},{"hours":4},{"hours":5}]},
{"id":"c73e86a8-7828-49a4-a466-db7f6d327c65","timesheet":[{"hours":7}]},
{"id":"ec10251e-9966-48f1-841f-00e784c5c0bc","timesheet":[{"hours":12},{"hours":9},{"hours":4},{"hours":12}]},
{"id":"4201f5a6-67f2-43d0-83d3-317440ed1d0a","timesheet":[{"hours":10},{"hours":6},{"hours":4}]},
{"id":"c59a71ad-4fd2-4e97-9ea8-89157a89b145","timesheet":[{"hours":4},{"hours":12},{"hours":9}]},
{"id":"b55e6de3-4f69-41ed-9508-b2e807ded81c","timesheet":[{"hours":12}]},
{"id":"b6a8d779-9e83-491b-b655-b2c8a69ab9ff","timesheet":[{"hours":6}]},
{"id":"b1e7f944-643f-4e83-9bbd-0e970abd0a3a","timesheet":[{"hours":4},{"hours":11},{"hours":8},{"hours":6},{"hours":8}]},
{"id":"79a000d4-4049-4dc0-b3a0-8eab152fc9d1","timesheet":[{"hours":10},{"hours":12},{"hours":7}]},
{"id":"c5f00f27-da4e-485a-88ee-14cff891445a","timesheet":[{"hours":5},{"hours":6},{"hours":4},{"hours":9},{"hours":10},{"hours":11},{"hours":4}]},
{"id":"73981dec-29fa-43d8-8d6f-3258f92471b5","timesheet":[{"hours":11},{"hours":6},{"hours":8},{"hours":7}]},
{"id":"eeff477f-4061-4741-89d8-31f3d41cd779","timesheet":[{"hours":9},{"hours":10},{"hours":6},{"hours":8}]},
{"id":"748c652e-9eec-433b-ae46-ba2a03cfefaf","timesheet":[{"hours":12},{"hours":9},{"hours":11}]},
{"id":"d0c4098c-f627-4678-8439-59bb9e7fcf63","timesheet":[{"hours":12},{"hours":11},{"hours":6},{"hours":8},{"hours":8},{"hours":12}]},
{"id":"1b05690e-c949-4524-8c30-c20cd50c075a","timesheet":[{"hours":5}]},
{"id":"151a149b-8788-4eca-b4d2-c7d5cd410d67","timesheet":[{"hours":11},{"hours":10}]},
{"id":"a755f340-6b5c-40e8-ae21-e48d8901296f","timesheet":[{"hours":9},{"hours":5},{"hours":4},{"hours":12},{"hours":4},{"hours":11}]},
{"id":"9c06228b-7f93-4bb0-a89c-1da293227433","timesheet":[{"hours":12},{"hours":7},{"hours":5},{"hours":8},{"hours":5},{"hours":10}]},
{"id":"af9727e6-fa24-4cf8-8790-1e72b8c1bf21","timesheet":[{"hours":4},{"hours":12},{"hours":11},{"hours":12},{"hours":11},{"hours":4},{"hours":4}]},
{"id":"a9b8844b-a9f4-41bd-803e-40a6111eee4d","timesheet":[{"hours":10},{"hours":11},{"hours":6},{"hours":12},{"hours":7},{"hours":7}]},
{"id":"4b225981-ffd1-413a-b86d-4d4a8f24162c","timesheet":[{"hours":10},{"hours":4},{"hours":9},{"hours":12}]},
{"id":"0c173e38-48a4-4d1e-87ee-53e3afe24e85","timesheet":[{"hours":10},{"hours":5},{"hours":12},{"hours":10}]},
{"id":"119c3169-a93b-400d-84ea-3964f4ffbf8c","timesheet":[{"hours":5},{"hours":12},{"hours":11},{"hours":12},{"hours":6},{"hours":7},{"hours":7}]},
{"id":"747d53e7-aca8-4f38-9930-dcae79101802","timesheet":[{"hours":4}]},
{"id":"f6f1d5ef-3944-4f4f-b833-c77370c3b6b2","timesheet":[{"hours":12},{"hours":7}]},
{"id":"607f6707-2096-40c2-9e59-33067c55417d","timesheet":[{"hours":4}]},
{"id":"cde3f8ff-391d-4a55-8b47-c8eba81c7b64","timesheet":[{"hours":9},{"hours":12},{"hours":11}]},
{"id":"c6c8d966-830f-4085-916e-215eca55b500","timesheet":[{"hours":5},{"hours":10},{"hours":12}]},
{"id":"e9cb30e4-6dbe-479d-8e27-c90af323fdf9","timesheet":[{"hours":9},{"hours":10}]},
{"id":"5392897a-c389-4dfc-ae89-9687e89acc41","timesheet":[{"hours":4},{"hours":4},{"hours":4},{"hours":10}]},
{"id":"4f935c22-24ca-4a46-976b-d7336c4f1472","timesheet":[{"hours":4}]}]